#
# There is insufficient memory for the Java Runtime Environment to continue.
# Native memory allocation (malloc) failed to allocate 32744 bytes. Error detail: Chunk::new
# Possible reasons:
#   The system is out of physical RAM or swap space
#   This process is running with CompressedOops enabled, and the Java Heap may be blocking the growth of the native heap
# Possible solutions:
#   Reduce memory load on the system
#   Increase physical memory or swap space
#   Check if swap backing store is full
#   Decrease Java heap size (-Xmx/-Xms)
#   Decrease number of Java threads
#   Decrease Java thread stack sizes (-Xss)
#   Set larger code cache with -XX:ReservedCodeCacheSize=
#   JVM is running with Unscaled Compressed Oops mode in which the Java heap is
#     placed in the first 4GB address space. The Java Heap base address is the
#     maximum limit for the native heap growth. Please use -XX:HeapBaseMinAddress
#     to set the Java Heap base and to place the Java Heap above 4GB virtual address.
# This output file may be truncated or incomplete.
#
#  Out of Memory Error (arena.cpp:168), pid=16364, tid=19128
#
# JRE version: OpenJDK Runtime Environment (21.0.8) (build 21.0.8+-14196175-b1038.72)
# Java VM: OpenJDK 64-Bit Server VM (21.0.8+-14196175-b1038.72, mixed mode, tiered, compressed oops, compressed class ptrs, g1 gc, windows-amd64)
# No core dump will be written. Minidumps are not enabled by default on client versions of Windows
#

---------------  S U M M A R Y ------------

Command Line: --add-opens=java.base/java.util=ALL-UNNAMED --add-opens=java.base/java.lang=ALL-UNNAMED --add-opens=java.base/java.lang.invoke=ALL-UNNAMED --add-opens=java.prefs/java.util.prefs=ALL-UNNAMED --add-opens=java.base/java.nio.charset=ALL-UNNAMED --add-opens=java.base/java.net=ALL-UNNAMED --add-opens=java.base/java.util.concurrent.atomic=ALL-UNNAMED -Xmx2048m -Dfile.encoding=UTF-8 -Duser.country=RU -Duser.language=ru -Duser.variant -javaagent:C:\Users\Admin\.gradle\wrapper\dists\gradle-8.7-bin\bhs2wmbdwecv87pi65oeuq5iu\gradle-8.7\lib\agents\gradle-instrumentation-agent-8.7.jar org.gradle.launcher.daemon.bootstrap.GradleDaemon 8.7

Host: Intel(R) Core(TM) i5-4670 CPU @ 3.40GHz, 4 cores, 7G,  Windows 10 , 64 bit Build 19041 (10.0.19041.2788)
Time: Thu Apr 16 13:31:57 2026 elapsed time: 78.736340 seconds (0d 0h 1m 18s)

---------------  T H R E A D  ---------------

Current thread (0x0000014ba631c220):  JavaThread "C2 CompilerThread1" daemon [_thread_in_native, id=19128, stack(0x0000002ecc500000,0x0000002ecc600000) (1024K)]


Current CompileTask:
C2:78737 25335       4       com.android.tools.r8.dex.C::a (836 bytes)

Stack: [0x0000002ecc500000,0x0000002ecc600000]
Native frames: (J=compiled Java code, j=interpreted, Vv=VM code, C=native code)
V  [jvm.dll+0x6d68d9]
V  [jvm.dll+0x866693]
V  [jvm.dll+0x868c4e]
V  [jvm.dll+0x869333]
V  [jvm.dll+0x280566]
V  [jvm.dll+0xc07cd]
V  [jvm.dll+0xc0d03]
V  [jvm.dll+0x3be998]
V  [jvm.dll+0x5dfc86]
V  [jvm.dll+0x1dfd27]
V  [jvm.dll+0x2493a4]
V  [jvm.dll+0x248821]
V  [jvm.dll+0x1c73a4]
V  [jvm.dll+0x257f9e]
V  [jvm.dll+0x2564e6]
V  [jvm.dll+0x3f4696]
V  [jvm.dll+0x80eac8]
V  [jvm.dll+0x6d512d]
C  [ucrtbase.dll+0x21bb2]
C  [KERNEL32.DLL+0x17604]
C  [ntdll.dll+0x526a1]


---------------  P R O C E S S  ---------------

Threads class SMR info:
_java_thread_list=0x0000014ba1b56760, length=97, elements={
0x0000014bfd5d3fd0, 0x0000014b9b0adb30, 0x0000014b9b0eec90, 0x0000014b9b0ef6f0,
0x0000014b9b0bcb00, 0x0000014b9b0cfbb0, 0x0000014b9b0d0610, 0x0000014b9b0d1070,
0x0000014b9b0fcf30, 0x0000014b9b11d9e0, 0x0000014b9b41c4e0, 0x0000014b9c7c6700,
0x0000014b9c74f8f0, 0x0000014b9c08c5b0, 0x0000014b9cb70580, 0x0000014b9cb4fa90,
0x0000014b9cb50100, 0x0000014b9cbec030, 0x0000014b9cc01a40, 0x0000014b9cc041a0,
0x0000014b9cc02df0, 0x0000014b9cc03480, 0x0000014b9cc020d0, 0x0000014b9cc04830,
0x0000014b9d988140, 0x0000014b9d98bc50, 0x0000014b9d9894f0, 0x0000014b9d98c2e0,
0x0000014b9d986d90, 0x0000014b9d98c970, 0x0000014b9d98b5c0, 0x0000014b9d98d000,
0x0000014b9d98d690, 0x0000014b9d986700, 0x0000014b9d98a210, 0x0000014b9d988e60,
0x0000014b9d987ab0, 0x0000014b9d747c50, 0x0000014b9d7482e0, 0x0000014b9d74bdf0,
0x0000014b9d74b760, 0x0000014b9d7468a0, 0x0000014b9d749000, 0x0000014b9d74dec0,
0x0000014b9d749690, 0x0000014ba149ee30, 0x0000014ba149d3f0, 0x0000014ba6ca26f0,
0x0000014ba6ca9d10, 0x0000014ba6ca6890, 0x0000014ba6ca6200, 0x0000014ba6ca75b0,
0x0000014ba6ca4130, 0x0000014ba6ca3410, 0x0000014b9e2c9250, 0x0000014b9e2cd3f0,
0x0000014b9e2cda80, 0x0000014b9e2c7180, 0x0000014b9e2cc040, 0x0000014b9e2c8530,
0x0000014b9e2c7810, 0x0000014b9e2ca600, 0x0000014b9e2cac90, 0x0000014b9e2c7ea0,
0x0000014b9e2cb9b0, 0x0000014b9e2c8bc0, 0x0000014b9e2c9f70, 0x0000014b9e2cb320,
0x0000014ba6ca7c40, 0x0000014ba6ca4e50, 0x0000014ba6ca9680, 0x0000014ba6ca6f20,
0x0000014ba6ca54e0, 0x0000014ba6ca47c0, 0x0000014ba6ca5b70, 0x0000014ba6ca82d0,
0x0000014ba6ca8960, 0x0000014ba6ca3aa0, 0x0000014b9d7475c0, 0x0000014b9d749d20,
0x0000014b9d74a3b0, 0x0000014ba14a2940, 0x0000014b9d987420, 0x0000014ba60662d0,
0x0000014ba6069750, 0x0000014ba606beb0, 0x0000014ba606a470, 0x0000014ba631c220,
0x0000014ba7ed7dd0, 0x0000014ba7ed6390, 0x0000014ba7ed3c30, 0x0000014ba7ed42c0,
0x0000014ba7ed4fe0, 0x0000014ba7ed70b0, 0x0000014ba7ed8460, 0x0000014ba7ed8af0,
0x0000014ba7ed9180
}

Java Threads: ( => current thread )
  0x0000014bfd5d3fd0 JavaThread "main"                              [_thread_blocked, id=4452, stack(0x0000002ecc800000,0x0000002ecc900000) (1024K)]
  0x0000014b9b0adb30 JavaThread "Common-Cleaner"             daemon [_thread_blocked, id=16780, stack(0x0000002ecd000000,0x0000002ecd100000) (1024K)]
  0x0000014b9b0eec90 JavaThread "Reference Handler"          daemon [_thread_blocked, id=7300, stack(0x0000002ecd100000,0x0000002ecd200000) (1024K)]
  0x0000014b9b0ef6f0 JavaThread "Finalizer"                  daemon [_thread_blocked, id=11892, stack(0x0000002ecd200000,0x0000002ecd300000) (1024K)]
  0x0000014b9b0bcb00 JavaThread "Signal Dispatcher"          daemon [_thread_blocked, id=12368, stack(0x0000002ecd300000,0x0000002ecd400000) (1024K)]
  0x0000014b9b0cfbb0 JavaThread "Attach Listener"            daemon [_thread_blocked, id=19340, stack(0x0000002ecd400000,0x0000002ecd500000) (1024K)]
  0x0000014b9b0d0610 JavaThread "Service Thread"             daemon [_thread_blocked, id=15160, stack(0x0000002ecd500000,0x0000002ecd600000) (1024K)]
  0x0000014b9b0d1070 JavaThread "Monitor Deflation Thread"   daemon [_thread_blocked, id=8544, stack(0x0000002ecd600000,0x0000002ecd700000) (1024K)]
  0x0000014b9b0fcf30 JavaThread "C2 CompilerThread0"         daemon [_thread_in_native, id=19480, stack(0x0000002ecd700000,0x0000002ecd800000) (1024K)]
  0x0000014b9b11d9e0 JavaThread "C1 CompilerThread0"         daemon [_thread_blocked, id=19936, stack(0x0000002ecd800000,0x0000002ecd900000) (1024K)]
  0x0000014b9b41c4e0 JavaThread "Notification Thread"        daemon [_thread_blocked, id=11144, stack(0x0000002ecd900000,0x0000002ecda00000) (1024K)]
  0x0000014b9c7c6700 JavaThread "Daemon health stats"               [_thread_blocked, id=15620, stack(0x0000002ecde00000,0x0000002ecdf00000) (1024K)]
  0x0000014b9c74f8f0 JavaThread "Incoming local TCP Connector on port 61032"        [_thread_in_native, id=2308, stack(0x0000002ecdf00000,0x0000002ece000000) (1024K)]
  0x0000014b9c08c5b0 JavaThread "Daemon periodic checks"            [_thread_blocked, id=19820, stack(0x0000002ece000000,0x0000002ece100000) (1024K)]
  0x0000014b9cb70580 JavaThread "Daemon"                            [_thread_blocked, id=19688, stack(0x0000002ece100000,0x0000002ece200000) (1024K)]
  0x0000014b9cb4fa90 JavaThread "Handler for socket connection from /127.0.0.1:61032 to /127.0.0.1:61033"        [_thread_in_native, id=15452, stack(0x0000002ece200000,0x0000002ece300000) (1024K)]
  0x0000014b9cb50100 JavaThread "Cancel handler"                    [_thread_blocked, id=14992, stack(0x0000002ece300000,0x0000002ece400000) (1024K)]
  0x0000014b9cbec030 JavaThread "Daemon worker"                     [_thread_blocked, id=1088, stack(0x0000002ece400000,0x0000002ece500000) (1024K)]
  0x0000014b9cc01a40 JavaThread "Asynchronous log dispatcher for DefaultDaemonConnection: socket connection from /127.0.0.1:61032 to /127.0.0.1:61033"        [_thread_blocked, id=11288, stack(0x0000002ece500000,0x0000002ece600000) (1024K)]
  0x0000014b9cc041a0 JavaThread "Daemon client event forwarder"        [_thread_blocked, id=13448, stack(0x0000002ece700000,0x0000002ece800000) (1024K)]
  0x0000014b9cc02df0 JavaThread "Cache worker for journal cache (C:\Users\Admin\.gradle\caches\journal-1)"        [_thread_blocked, id=16512, stack(0x0000002ece800000,0x0000002ece900000) (1024K)]
  0x0000014b9cc03480 JavaThread "File lock request listener"        [_thread_in_native, id=19328, stack(0x0000002ece900000,0x0000002ecea00000) (1024K)]
  0x0000014b9cc020d0 JavaThread "Cache worker for file hash cache (C:\Users\Admin\.gradle\caches\8.7\fileHashes)"        [_thread_blocked, id=17688, stack(0x0000002ecea00000,0x0000002eceb00000) (1024K)]
  0x0000014b9cc04830 JavaThread "Cache worker for file hash cache (D:\Monopolya\monopolya\Monopolya-mobile\.gradle\8.7\fileHashes)"        [_thread_blocked, id=20144, stack(0x0000002eceb00000,0x0000002ecec00000) (1024K)]
  0x0000014b9d988140 JavaThread "File watcher server"        daemon [_thread_in_native, id=14616, stack(0x0000002ecec00000,0x0000002eced00000) (1024K)]
  0x0000014b9d98bc50 JavaThread "File watcher consumer"      daemon [_thread_blocked, id=11736, stack(0x0000002eced00000,0x0000002ecee00000) (1024K)]
  0x0000014b9d9894f0 JavaThread "Cache worker for checksums cache (D:\Monopolya\monopolya\Monopolya-mobile\.gradle\8.7\checksums)"        [_thread_blocked, id=14424, stack(0x0000002ecee00000,0x0000002ecef00000) (1024K)]
  0x0000014b9d98c2e0 JavaThread "Cache worker for cache directory md-supplier (C:\Users\Admin\.gradle\caches\8.7\md-supplier)"        [_thread_blocked, id=15596, stack(0x0000002ecef00000,0x0000002ecf000000) (1024K)]
  0x0000014b9d986d90 JavaThread "Cache worker for cache directory md-rule (C:\Users\Admin\.gradle\caches\8.7\md-rule)"        [_thread_blocked, id=20228, stack(0x0000002ecf000000,0x0000002ecf100000) (1024K)]
  0x0000014b9d98c970 JavaThread "Cache worker for file content cache (C:\Users\Admin\.gradle\caches\8.7\fileContent)"        [_thread_blocked, id=19664, stack(0x0000002ecf100000,0x0000002ecf200000) (1024K)]
  0x0000014b9d98b5c0 JavaThread "jar transforms"                    [_thread_blocked, id=18472, stack(0x0000002ecf200000,0x0000002ecf300000) (1024K)]
  0x0000014b9d98d000 JavaThread "jar transforms Thread 2"           [_thread_blocked, id=13256, stack(0x0000002ecf300000,0x0000002ecf400000) (1024K)]
  0x0000014b9d98d690 JavaThread "jar transforms Thread 3"           [_thread_blocked, id=5300, stack(0x0000002ecf400000,0x0000002ecf500000) (1024K)]
  0x0000014b9d986700 JavaThread "Unconstrained build operations"        [_thread_blocked, id=15576, stack(0x0000002ecf500000,0x0000002ecf600000) (1024K)]
  0x0000014b9d98a210 JavaThread "Unconstrained build operations Thread 2"        [_thread_in_Java, id=16568, stack(0x0000002ecf600000,0x0000002ecf700000) (1024K)]
  0x0000014b9d988e60 JavaThread "Unconstrained build operations Thread 3"        [_thread_blocked, id=19544, stack(0x0000002ecf700000,0x0000002ecf800000) (1024K)]
  0x0000014b9d987ab0 JavaThread "jar transforms Thread 4"           [_thread_blocked, id=5256, stack(0x0000002ecf800000,0x0000002ecf900000) (1024K)]
  0x0000014b9d747c50 JavaThread "Cache worker for Build Output Cleanup Cache (D:\Monopolya\monopolya\Monopolya-mobile\.gradle\buildOutputCleanup)"        [_thread_blocked, id=15656, stack(0x0000002ecf900000,0x0000002ecfa00000) (1024K)]
  0x0000014b9d7482e0 JavaThread "Unconstrained build operations Thread 4"        [_thread_blocked, id=11504, stack(0x0000002ecfa00000,0x0000002ecfb00000) (1024K)]
  0x0000014b9d74bdf0 JavaThread "Unconstrained build operations Thread 5"        [_thread_blocked, id=14008, stack(0x0000002ecfb00000,0x0000002ecfc00000) (1024K)]
  0x0000014b9d74b760 JavaThread "Unconstrained build operations Thread 6"        [_thread_blocked, id=17064, stack(0x0000002ecfc00000,0x0000002ecfd00000) (1024K)]
  0x0000014b9d7468a0 JavaThread "Unconstrained build operations Thread 7"        [_thread_blocked, id=19448, stack(0x0000002ecfd00000,0x0000002ecfe00000) (1024K)]
  0x0000014b9d749000 JavaThread "Unconstrained build operations Thread 8"        [_thread_blocked, id=13924, stack(0x0000002ecfe00000,0x0000002ecff00000) (1024K)]
  0x0000014b9d74dec0 JavaThread "Unconstrained build operations Thread 9"        [_thread_blocked, id=13896, stack(0x0000002ecff00000,0x0000002ed0000000) (1024K)]
  0x0000014b9d749690 JavaThread "build event listener"              [_thread_blocked, id=13092, stack(0x0000002ed0000000,0x0000002ed0100000) (1024K)]
  0x0000014ba149ee30 JavaThread "Memory manager"                    [_thread_blocked, id=18020, stack(0x0000002ed0100000,0x0000002ed0200000) (1024K)]
  0x0000014ba149d3f0 JavaThread "build event listener"              [_thread_blocked, id=19568, stack(0x0000002ed0200000,0x0000002ed0300000) (1024K)]
  0x0000014ba6ca26f0 JavaThread "pool-3-thread-1"                   [_thread_blocked, id=20440, stack(0x0000002ed0300000,0x0000002ed0400000) (1024K)]
  0x0000014ba6ca9d10 JavaThread "build event listener"              [_thread_blocked, id=16284, stack(0x0000002ed0400000,0x0000002ed0500000) (1024K)]
  0x0000014ba6ca6890 JavaThread "included builds"                   [_thread_blocked, id=14940, stack(0x0000002ed0500000,0x0000002ed0600000) (1024K)]
  0x0000014ba6ca6200 JavaThread "Execution worker"                  [_thread_blocked, id=20388, stack(0x0000002ed0600000,0x0000002ed0700000) (1024K)]
  0x0000014ba6ca75b0 JavaThread "Execution worker Thread 2"         [_thread_in_Java, id=19444, stack(0x0000002ed0700000,0x0000002ed0800000) (1024K)]
  0x0000014ba6ca4130 JavaThread "Execution worker Thread 3"         [_thread_blocked, id=18772, stack(0x0000002ed0800000,0x0000002ed0900000) (1024K)]
  0x0000014ba6ca3410 JavaThread "Cache worker for execution history cache (D:\Monopolya\monopolya\Monopolya-mobile\.gradle\8.7\executionHistory)"        [_thread_blocked, id=18688, stack(0x0000002ed0900000,0x0000002ed0a00000) (1024K)]
  0x0000014b9e2c9250 JavaThread "Unconstrained build operations Thread 10"        [_thread_blocked, id=13624, stack(0x0000002ed0a00000,0x0000002ed0b00000) (1024K)]
  0x0000014b9e2cd3f0 JavaThread "Unconstrained build operations Thread 11"        [_thread_blocked, id=18224, stack(0x0000002ed0b00000,0x0000002ed0c00000) (1024K)]
  0x0000014b9e2cda80 JavaThread "Unconstrained build operations Thread 12"        [_thread_blocked, id=18956, stack(0x0000002ed0c00000,0x0000002ed0d00000) (1024K)]
  0x0000014b9e2c7180 JavaThread "Unconstrained build operations Thread 13"        [_thread_blocked, id=16728, stack(0x0000002ed0d00000,0x0000002ed0e00000) (1024K)]
  0x0000014b9e2cc040 JavaThread "Unconstrained build operations Thread 14"        [_thread_blocked, id=18664, stack(0x0000002ed0e00000,0x0000002ed0f00000) (1024K)]
  0x0000014b9e2c8530 JavaThread "Unconstrained build operations Thread 15"        [_thread_blocked, id=19624, stack(0x0000002ed0f00000,0x0000002ed1000000) (1024K)]
  0x0000014b9e2c7810 JavaThread "Unconstrained build operations Thread 16"        [_thread_blocked, id=3684, stack(0x0000002ed1000000,0x0000002ed1100000) (1024K)]
  0x0000014b9e2ca600 JavaThread "Unconstrained build operations Thread 17"        [_thread_blocked, id=20416, stack(0x0000002ed1100000,0x0000002ed1200000) (1024K)]
  0x0000014b9e2cac90 JavaThread "Unconstrained build operations Thread 18"        [_thread_blocked, id=15308, stack(0x0000002ed1200000,0x0000002ed1300000) (1024K)]
  0x0000014b9e2c7ea0 JavaThread "Unconstrained build operations Thread 19"        [_thread_blocked, id=15624, stack(0x0000002ed1300000,0x0000002ed1400000) (1024K)]
  0x0000014b9e2cb9b0 JavaThread "Unconstrained build operations Thread 20"        [_thread_blocked, id=11748, stack(0x0000002ed1400000,0x0000002ed1500000) (1024K)]
  0x0000014b9e2c8bc0 JavaThread "Unconstrained build operations Thread 21"        [_thread_blocked, id=17560, stack(0x0000002ed1500000,0x0000002ed1600000) (1024K)]
  0x0000014b9e2c9f70 JavaThread "Unconstrained build operations Thread 22"        [_thread_blocked, id=12868, stack(0x0000002ed1600000,0x0000002ed1700000) (1024K)]
  0x0000014b9e2cb320 JavaThread "Unconstrained build operations Thread 23"        [_thread_blocked, id=16596, stack(0x0000002ed1700000,0x0000002ed1800000) (1024K)]
  0x0000014ba6ca7c40 JavaThread "Unconstrained build operations Thread 24"        [_thread_blocked, id=8824, stack(0x0000002ed1800000,0x0000002ed1900000) (1024K)]
  0x0000014ba6ca4e50 JavaThread "Unconstrained build operations Thread 25"        [_thread_blocked, id=12116, stack(0x0000002ed1900000,0x0000002ed1a00000) (1024K)]
  0x0000014ba6ca9680 JavaThread "Unconstrained build operations Thread 26"        [_thread_blocked, id=14892, stack(0x0000002ed1a00000,0x0000002ed1b00000) (1024K)]
  0x0000014ba6ca6f20 JavaThread "Unconstrained build operations Thread 27"        [_thread_blocked, id=20412, stack(0x0000002ed1b00000,0x0000002ed1c00000) (1024K)]
  0x0000014ba6ca54e0 JavaThread "Unconstrained build operations Thread 28"        [_thread_blocked, id=15908, stack(0x0000002ed1c00000,0x0000002ed1d00000) (1024K)]
  0x0000014ba6ca47c0 JavaThread "Unconstrained build operations Thread 29"        [_thread_blocked, id=11932, stack(0x0000002ed1d00000,0x0000002ed1e00000) (1024K)]
  0x0000014ba6ca5b70 JavaThread "WorkerExecutor Queue"              [_thread_blocked, id=16192, stack(0x0000002ed1e00000,0x0000002ed1f00000) (1024K)]
  0x0000014ba6ca82d0 JavaThread "Unconstrained build operations Thread 30"        [_thread_blocked, id=14400, stack(0x0000002ed1f00000,0x0000002ed2000000) (1024K)]
  0x0000014ba6ca8960 JavaThread "Unconstrained build operations Thread 31"        [_thread_blocked, id=15844, stack(0x0000002ed2000000,0x0000002ed2100000) (1024K)]
  0x0000014ba6ca3aa0 JavaThread "Unconstrained build operations Thread 32"        [_thread_blocked, id=17608, stack(0x0000002ed2100000,0x0000002ed2200000) (1024K)]
  0x0000014b9d7475c0 JavaThread "Unconstrained build operations Thread 33"        [_thread_blocked, id=18864, stack(0x0000002ed2200000,0x0000002ed2300000) (1024K)]
  0x0000014b9d749d20 JavaThread "Unconstrained build operations Thread 34"        [_thread_blocked, id=14428, stack(0x0000002ed2300000,0x0000002ed2400000) (1024K)]
  0x0000014b9d74a3b0 JavaThread "Unconstrained build operations Thread 35"        [_thread_blocked, id=16752, stack(0x0000002ed2400000,0x0000002ed2500000) (1024K)]
  0x0000014ba14a2940 JavaThread "Unconstrained build operations Thread 36"        [_thread_blocked, id=13892, stack(0x0000002ed2500000,0x0000002ed2600000) (1024K)]
  0x0000014b9d987420 JavaThread "Unconstrained build operations Thread 37"        [_thread_blocked, id=17332, stack(0x0000002ed2600000,0x0000002ed2700000) (1024K)]
  0x0000014ba60662d0 JavaThread "Unconstrained build operations Thread 38"        [_thread_blocked, id=16360, stack(0x0000002ed2700000,0x0000002ed2800000) (1024K)]
  0x0000014ba6069750 JavaThread "pool-4-thread-1"                   [_thread_blocked, id=16932, stack(0x0000002ed2800000,0x0000002ed2900000) (1024K)]
  0x0000014ba606beb0 JavaThread "stderr"                            [_thread_in_native, id=18756, stack(0x0000002ed2900000,0x0000002ed2a00000) (1024K)]
  0x0000014ba606a470 JavaThread "stdout"                            [_thread_in_native, id=15788, stack(0x0000002ed2a00000,0x0000002ed2b00000) (1024K)]
=>0x0000014ba631c220 JavaThread "C2 CompilerThread1"         daemon [_thread_in_native, id=19128, stack(0x0000002ecc500000,0x0000002ecc600000) (1024K)]
  0x0000014ba7ed7dd0 JavaThread "WorkerExecutor Queue Thread 2"        [_thread_in_Java, id=15268, stack(0x0000002ecc600000,0x0000002ecc700000) (1024K)]
  0x0000014ba7ed6390 JavaThread "WorkerExecutor Queue Thread 3"        [_thread_blocked, id=18684, stack(0x0000002ecc700000,0x0000002ecc800000) (1024K)]
  0x0000014ba7ed3c30 JavaThread "WorkerExecutor Queue Thread 4"        [_thread_blocked, id=20404, stack(0x0000002ecdd00000,0x0000002ecde00000) (1024K)]
  0x0000014ba7ed42c0 JavaThread "Unconstrained build operations Thread 39"        [_thread_in_Java, id=19764, stack(0x0000002ece600000,0x0000002ece700000) (1024K)]
  0x0000014ba7ed4fe0 JavaThread "Unconstrained build operations Thread 40"        [_thread_blocked, id=13464, stack(0x0000002ed2d00000,0x0000002ed2e00000) (1024K)]
  0x0000014ba7ed70b0 JavaThread "ForkJoinPool-1-worker-1"    daemon [_thread_blocked, id=20020, stack(0x0000002ed2e00000,0x0000002ed2f00000) (1024K)]
  0x0000014ba7ed8460 JavaThread "ForkJoinPool-1-worker-2"    daemon [_thread_blocked, id=13224, stack(0x0000002ed2f00000,0x0000002ed3000000) (1024K)]
  0x0000014ba7ed8af0 JavaThread "ForkJoinPool-1-worker-3"    daemon [_thread_in_Java, id=20180, stack(0x0000002ed3000000,0x0000002ed3100000) (1024K)]
  0x0000014ba7ed9180 JavaThread "ForkJoinPool-1-worker-4"    daemon [_thread_in_Java, id=20060, stack(0x0000002ed3100000,0x0000002ed3200000) (1024K)]
Total: 97

Other Threads:
  0x0000014b9b05fbf0 VMThread "VM Thread"                           [id=13840, stack(0x0000002eccf00000,0x0000002ecd000000) (1024K)]
  0x0000014b96a54c60 WatcherThread "VM Periodic Task Thread"        [id=17084, stack(0x0000002ecce00000,0x0000002eccf00000) (1024K)]
  0x0000014bffded760 WorkerThread "GC Thread#0"                     [id=7856, stack(0x0000002ecc900000,0x0000002ecca00000) (1024K)]
  0x0000014b9b86c1d0 WorkerThread "GC Thread#1"                     [id=15244, stack(0x0000002ecdb00000,0x0000002ecdc00000) (1024K)]
  0x0000014b9b86c570 WorkerThread "GC Thread#2"                     [id=19176, stack(0x0000002ecdc00000,0x0000002ecdd00000) (1024K)]
  0x0000014b9be99580 WorkerThread "GC Thread#3"                     [id=10984, stack(0x0000002ecda00000,0x0000002ecdb00000) (1024K)]
  0x0000014bffe00f80 ConcurrentGCThread "G1 Main Marker"            [id=17768, stack(0x0000002ecca00000,0x0000002eccb00000) (1024K)]
  0x0000014bffe01e00 WorkerThread "G1 Conc#0"                       [id=18352, stack(0x0000002eccb00000,0x0000002eccc00000) (1024K)]
  0x0000014bffe3e6e0 ConcurrentGCThread "G1 Refine#0"               [id=15480, stack(0x0000002eccc00000,0x0000002eccd00000) (1024K)]
  0x0000014b9691b2d0 ConcurrentGCThread "G1 Service"                [id=16488, stack(0x0000002eccd00000,0x0000002ecce00000) (1024K)]
Total: 10

Threads with active compile tasks:
C2 CompilerThread0  78819 25447       4       com.android.tools.r8.dex.code.N::a (3284 bytes)
C2 CompilerThread1  78819 25335       4       com.android.tools.r8.dex.C::a (836 bytes)
Total: 2

VM state: not at safepoint (normal execution)

VM Mutex/Monitor currently owned by a thread: None

Heap address: 0x0000000080000000, size: 2048 MB, Compressed Oops mode: 32-bit

CDS archive(s) not mapped
Compressed class space mapped at: 0x0000000100000000-0x0000000140000000, reserved size: 1073741824
Narrow klass base: 0x0000000000000000, Narrow klass shift: 3, Narrow klass range: 0x140000000

GC Precious Log:
 CardTable entry size: 512
 Card Set container configuration: InlinePtr #cards 5 size 8 Array Of Cards #cards 12 size 40 Howl #buckets 4 coarsen threshold 1843 Howl Bitmap #cards 512 size 80 coarsen threshold 460 Card regions per heap region 1 cards per card region 2048
 CPUs: 4 total, 4 available
 Memory: 8078M
 Large Page Support: Disabled
 NUMA Support: Disabled
 Compressed Oops: Enabled (32-bit)
 Heap Region Size: 1M
 Heap Min Capacity: 8M
 Heap Initial Capacity: 128M
 Heap Max Capacity: 2G
 Pre-touch: Disabled
 Parallel Workers: 4
 Concurrent Workers: 1
 Concurrent Refinement Workers: 4
 Periodic GC: Disabled

Heap:
 garbage-first heap   total 743424K, used 373760K [0x0000000080000000, 0x0000000100000000)
  region size 1024K, 59 young (60416K), 45 survivors (46080K)
 Metaspace       used 139430K, committed 141568K, reserved 1179648K
  class space    used 19262K, committed 20288K, reserved 1048576K

Heap Regions: E=young(eden), S=young(survivor), O=old, HS=humongous(starts), HC=humongous(continues), CS=collection set, F=free, TAMS=top-at-mark-start, PB=parsable bottom
|   0|0x0000000080000000, 0x0000000080100000, 0x0000000080100000|100%| O|  |TAMS 0x0000000080000000| PB 0x0000000080000000| Untracked 
|   1|0x0000000080100000, 0x0000000080200000, 0x0000000080200000|100%| O|  |TAMS 0x0000000080100000| PB 0x0000000080100000| Untracked 
|   2|0x0000000080200000, 0x0000000080300000, 0x0000000080300000|100%|HS|  |TAMS 0x0000000080200000| PB 0x0000000080200000| Complete 
|   3|0x0000000080300000, 0x0000000080400000, 0x0000000080400000|100%|HC|  |TAMS 0x0000000080300000| PB 0x0000000080300000| Complete 
|   4|0x0000000080400000, 0x0000000080500000, 0x0000000080500000|100%|HC|  |TAMS 0x0000000080400000| PB 0x0000000080400000| Complete 
|   5|0x0000000080500000, 0x0000000080600000, 0x0000000080600000|100%|HC|  |TAMS 0x0000000080500000| PB 0x0000000080500000| Complete 
|   6|0x0000000080600000, 0x0000000080700000, 0x0000000080700000|100%| O|  |TAMS 0x0000000080600000| PB 0x0000000080600000| Untracked 
|   7|0x0000000080700000, 0x0000000080800000, 0x0000000080800000|100%| O|  |TAMS 0x0000000080700000| PB 0x0000000080700000| Untracked 
|   8|0x0000000080800000, 0x0000000080900000, 0x0000000080900000|100%| O|  |TAMS 0x0000000080800000| PB 0x0000000080800000| Untracked 
|   9|0x0000000080900000, 0x0000000080a00000, 0x0000000080a00000|100%| O|  |TAMS 0x0000000080900000| PB 0x0000000080900000| Untracked 
|  10|0x0000000080a00000, 0x0000000080b00000, 0x0000000080b00000|100%| O|  |TAMS 0x0000000080a00000| PB 0x0000000080a00000| Untracked 
|  11|0x0000000080b00000, 0x0000000080c00000, 0x0000000080c00000|100%| O|  |TAMS 0x0000000080b00000| PB 0x0000000080b00000| Untracked 
|  12|0x0000000080c00000, 0x0000000080d00000, 0x0000000080d00000|100%| O|  |TAMS 0x0000000080c00000| PB 0x0000000080c00000| Untracked 
|  13|0x0000000080d00000, 0x0000000080e00000, 0x0000000080e00000|100%| O|  |TAMS 0x0000000080d00000| PB 0x0000000080d00000| Untracked 
|  14|0x0000000080e00000, 0x0000000080f00000, 0x0000000080f00000|100%| O|  |TAMS 0x0000000080e00000| PB 0x0000000080e00000| Untracked 
|  15|0x0000000080f00000, 0x0000000081000000, 0x0000000081000000|100%| O|  |TAMS 0x0000000080f00000| PB 0x0000000080f00000| Untracked 
|  16|0x0000000081000000, 0x0000000081100000, 0x0000000081100000|100%| O|  |TAMS 0x0000000081000000| PB 0x0000000081000000| Untracked 
|  17|0x0000000081100000, 0x0000000081200000, 0x0000000081200000|100%| O|  |TAMS 0x0000000081100000| PB 0x0000000081100000| Untracked 
|  18|0x0000000081200000, 0x0000000081300000, 0x0000000081300000|100%| O|  |TAMS 0x0000000081200000| PB 0x0000000081200000| Untracked 
|  19|0x0000000081300000, 0x0000000081400000, 0x0000000081400000|100%| O|  |TAMS 0x0000000081300000| PB 0x0000000081300000| Untracked 
|  20|0x0000000081400000, 0x0000000081500000, 0x0000000081500000|100%| O|  |TAMS 0x0000000081400000| PB 0x0000000081400000| Untracked 
|  21|0x0000000081500000, 0x0000000081600000, 0x0000000081600000|100%| O|  |TAMS 0x0000000081500000| PB 0x0000000081500000| Untracked 
|  22|0x0000000081600000, 0x0000000081700000, 0x0000000081700000|100%| O|  |TAMS 0x0000000081600000| PB 0x0000000081600000| Untracked 
|  23|0x0000000081700000, 0x0000000081800000, 0x0000000081800000|100%| O|  |TAMS 0x0000000081700000| PB 0x0000000081700000| Untracked 
|  24|0x0000000081800000, 0x0000000081900000, 0x0000000081900000|100%| O|  |TAMS 0x0000000081800000| PB 0x0000000081800000| Untracked 
|  25|0x0000000081900000, 0x0000000081a00000, 0x0000000081a00000|100%|HS|  |TAMS 0x0000000081900000| PB 0x0000000081900000| Complete 
|  26|0x0000000081a00000, 0x0000000081b00000, 0x0000000081b00000|100%|HS|  |TAMS 0x0000000081a00000| PB 0x0000000081a00000| Complete 
|  27|0x0000000081b00000, 0x0000000081c00000, 0x0000000081c00000|100%|HC|  |TAMS 0x0000000081b00000| PB 0x0000000081b00000| Complete 
|  28|0x0000000081c00000, 0x0000000081d00000, 0x0000000081d00000|100%| O|  |TAMS 0x0000000081c00000| PB 0x0000000081c00000| Untracked 
|  29|0x0000000081d00000, 0x0000000081e00000, 0x0000000081e00000|100%| O|  |TAMS 0x0000000081d00000| PB 0x0000000081d00000| Untracked 
|  30|0x0000000081e00000, 0x0000000081f00000, 0x0000000081f00000|100%| O|  |TAMS 0x0000000081e00000| PB 0x0000000081e00000| Untracked 
|  31|0x0000000081f00000, 0x0000000082000000, 0x0000000082000000|100%| O|  |TAMS 0x0000000081f00000| PB 0x0000000081f00000| Untracked 
|  32|0x0000000082000000, 0x0000000082100000, 0x0000000082100000|100%| O|  |TAMS 0x0000000082000000| PB 0x0000000082000000| Untracked 
|  33|0x0000000082100000, 0x0000000082200000, 0x0000000082200000|100%| O|  |TAMS 0x0000000082100000| PB 0x0000000082100000| Untracked 
|  34|0x0000000082200000, 0x0000000082300000, 0x0000000082300000|100%| O|  |TAMS 0x0000000082200000| PB 0x0000000082200000| Untracked 
|  35|0x0000000082300000, 0x0000000082400000, 0x0000000082400000|100%| O|  |TAMS 0x0000000082300000| PB 0x0000000082300000| Untracked 
|  36|0x0000000082400000, 0x0000000082500000, 0x0000000082500000|100%| O|  |TAMS 0x0000000082400000| PB 0x0000000082400000| Untracked 
|  37|0x0000000082500000, 0x0000000082600000, 0x0000000082600000|100%| O|  |TAMS 0x0000000082500000| PB 0x0000000082500000| Untracked 
|  38|0x0000000082600000, 0x0000000082700000, 0x0000000082700000|100%| O|  |TAMS 0x0000000082600000| PB 0x0000000082600000| Untracked 
|  39|0x0000000082700000, 0x0000000082800000, 0x0000000082800000|100%| O|  |TAMS 0x0000000082700000| PB 0x0000000082700000| Untracked 
|  40|0x0000000082800000, 0x0000000082900000, 0x0000000082900000|100%|HS|  |TAMS 0x0000000082800000| PB 0x0000000082800000| Complete 
|  41|0x0000000082900000, 0x0000000082a00000, 0x0000000082a00000|100%|HS|  |TAMS 0x0000000082900000| PB 0x0000000082900000| Complete 
|  42|0x0000000082a00000, 0x0000000082b00000, 0x0000000082b00000|100%|HS|  |TAMS 0x0000000082a00000| PB 0x0000000082a00000| Complete 
|  43|0x0000000082b00000, 0x0000000082c00000, 0x0000000082c00000|100%| O|  |TAMS 0x0000000082b00000| PB 0x0000000082b00000| Untracked 
|  44|0x0000000082c00000, 0x0000000082d00000, 0x0000000082d00000|100%|HS|  |TAMS 0x0000000082c00000| PB 0x0000000082c00000| Complete 
|  45|0x0000000082d00000, 0x0000000082e00000, 0x0000000082e00000|100%|HC|  |TAMS 0x0000000082d00000| PB 0x0000000082d00000| Complete 
|  46|0x0000000082e00000, 0x0000000082f00000, 0x0000000082f00000|100%|HS|  |TAMS 0x0000000082e00000| PB 0x0000000082e00000| Complete 
|  47|0x0000000082f00000, 0x0000000083000000, 0x0000000083000000|100%| O|  |TAMS 0x0000000082f00000| PB 0x0000000082f00000| Untracked 
|  48|0x0000000083000000, 0x0000000083100000, 0x0000000083100000|100%| O|  |TAMS 0x0000000083000000| PB 0x0000000083000000| Untracked 
|  49|0x0000000083100000, 0x0000000083200000, 0x0000000083200000|100%| O|  |TAMS 0x0000000083100000| PB 0x0000000083100000| Untracked 
|  50|0x0000000083200000, 0x0000000083300000, 0x0000000083300000|100%| O|  |TAMS 0x0000000083200000| PB 0x0000000083200000| Untracked 
|  51|0x0000000083300000, 0x0000000083400000, 0x0000000083400000|100%| O|  |TAMS 0x0000000083300000| PB 0x0000000083300000| Untracked 
|  52|0x0000000083400000, 0x0000000083500000, 0x0000000083500000|100%|HS|  |TAMS 0x0000000083400000| PB 0x0000000083400000| Complete 
|  53|0x0000000083500000, 0x0000000083600000, 0x0000000083600000|100%|HC|  |TAMS 0x0000000083500000| PB 0x0000000083500000| Complete 
|  54|0x0000000083600000, 0x0000000083700000, 0x0000000083700000|100%|HC|  |TAMS 0x0000000083600000| PB 0x0000000083600000| Complete 
|  55|0x0000000083700000, 0x0000000083800000, 0x0000000083800000|100%|HC|  |TAMS 0x0000000083700000| PB 0x0000000083700000| Complete 
|  56|0x0000000083800000, 0x0000000083900000, 0x0000000083900000|100%|HS|  |TAMS 0x0000000083800000| PB 0x0000000083800000| Complete 
|  57|0x0000000083900000, 0x0000000083a00000, 0x0000000083a00000|100%|HC|  |TAMS 0x0000000083900000| PB 0x0000000083900000| Complete 
|  58|0x0000000083a00000, 0x0000000083b00000, 0x0000000083b00000|100%|HS|  |TAMS 0x0000000083a00000| PB 0x0000000083a00000| Complete 
|  59|0x0000000083b00000, 0x0000000083c00000, 0x0000000083c00000|100%|HS|  |TAMS 0x0000000083b00000| PB 0x0000000083b00000| Complete 
|  60|0x0000000083c00000, 0x0000000083d00000, 0x0000000083d00000|100%| O|  |TAMS 0x0000000083c00000| PB 0x0000000083c00000| Untracked 
|  61|0x0000000083d00000, 0x0000000083e00000, 0x0000000083e00000|100%| O|  |TAMS 0x0000000083d00000| PB 0x0000000083d00000| Untracked 
|  62|0x0000000083e00000, 0x0000000083f00000, 0x0000000083f00000|100%| O|  |TAMS 0x0000000083e00000| PB 0x0000000083e00000| Untracked 
|  63|0x0000000083f00000, 0x0000000084000000, 0x0000000084000000|100%| O|  |TAMS 0x0000000083f00000| PB 0x0000000083f00000| Untracked 
|  64|0x0000000084000000, 0x0000000084100000, 0x0000000084100000|100%| O|  |TAMS 0x0000000084000000| PB 0x0000000084000000| Untracked 
|  65|0x0000000084100000, 0x0000000084200000, 0x0000000084200000|100%| O|  |TAMS 0x0000000084100000| PB 0x0000000084100000| Untracked 
|  66|0x0000000084200000, 0x0000000084300000, 0x0000000084300000|100%| O|  |TAMS 0x0000000084200000| PB 0x0000000084200000| Untracked 
|  67|0x0000000084300000, 0x0000000084400000, 0x0000000084400000|100%| O|  |TAMS 0x0000000084300000| PB 0x0000000084300000| Untracked 
|  68|0x0000000084400000, 0x0000000084500000, 0x0000000084500000|100%| O|  |TAMS 0x0000000084400000| PB 0x0000000084400000| Untracked 
|  69|0x0000000084500000, 0x0000000084600000, 0x0000000084600000|100%| O|  |TAMS 0x0000000084500000| PB 0x0000000084500000| Untracked 
|  70|0x0000000084600000, 0x0000000084700000, 0x0000000084700000|100%| O|  |TAMS 0x0000000084600000| PB 0x0000000084600000| Untracked 
|  71|0x0000000084700000, 0x0000000084800000, 0x0000000084800000|100%| O|  |TAMS 0x0000000084700000| PB 0x0000000084700000| Untracked 
|  72|0x0000000084800000, 0x0000000084900000, 0x0000000084900000|100%| O|  |TAMS 0x0000000084800000| PB 0x0000000084800000| Untracked 
|  73|0x0000000084900000, 0x0000000084a00000, 0x0000000084a00000|100%| O|  |TAMS 0x0000000084900000| PB 0x0000000084900000| Untracked 
|  74|0x0000000084a00000, 0x0000000084b00000, 0x0000000084b00000|100%| O|  |TAMS 0x0000000084a00000| PB 0x0000000084a00000| Untracked 
|  75|0x0000000084b00000, 0x0000000084c00000, 0x0000000084c00000|100%| O|  |TAMS 0x0000000084b00000| PB 0x0000000084b00000| Untracked 
|  76|0x0000000084c00000, 0x0000000084d00000, 0x0000000084d00000|100%| O|  |TAMS 0x0000000084c00000| PB 0x0000000084c00000| Untracked 
|  77|0x0000000084d00000, 0x0000000084e00000, 0x0000000084e00000|100%|HS|  |TAMS 0x0000000084d00000| PB 0x0000000084d00000| Complete 
|  78|0x0000000084e00000, 0x0000000084f00000, 0x0000000084f00000|100%|HC|  |TAMS 0x0000000084e00000| PB 0x0000000084e00000| Complete 
|  79|0x0000000084f00000, 0x0000000085000000, 0x0000000085000000|100%|HC|  |TAMS 0x0000000084f00000| PB 0x0000000084f00000| Complete 
|  80|0x0000000085000000, 0x0000000085100000, 0x0000000085100000|100%|HC|  |TAMS 0x0000000085000000| PB 0x0000000085000000| Complete 
|  81|0x0000000085100000, 0x0000000085200000, 0x0000000085200000|100%| O|  |TAMS 0x0000000085100000| PB 0x0000000085100000| Untracked 
|  82|0x0000000085200000, 0x0000000085300000, 0x0000000085300000|100%| O|  |TAMS 0x0000000085200000| PB 0x0000000085200000| Untracked 
|  83|0x0000000085300000, 0x0000000085400000, 0x0000000085400000|100%| O|  |TAMS 0x0000000085300000| PB 0x0000000085300000| Untracked 
|  84|0x0000000085400000, 0x0000000085500000, 0x0000000085500000|100%| O|  |TAMS 0x0000000085400000| PB 0x0000000085400000| Untracked 
|  85|0x0000000085500000, 0x0000000085600000, 0x0000000085600000|100%| O|  |TAMS 0x0000000085500000| PB 0x0000000085500000| Untracked 
|  86|0x0000000085600000, 0x0000000085700000, 0x0000000085700000|100%| O|  |TAMS 0x0000000085600000| PB 0x0000000085600000| Untracked 
|  87|0x0000000085700000, 0x0000000085800000, 0x0000000085800000|100%| O|  |TAMS 0x0000000085700000| PB 0x0000000085700000| Untracked 
|  88|0x0000000085800000, 0x0000000085900000, 0x0000000085900000|100%| O|  |TAMS 0x0000000085800000| PB 0x0000000085800000| Untracked 
|  89|0x0000000085900000, 0x0000000085a00000, 0x0000000085a00000|100%| O|  |TAMS 0x0000000085900000| PB 0x0000000085900000| Untracked 
|  90|0x0000000085a00000, 0x0000000085b00000, 0x0000000085b00000|100%| O|  |TAMS 0x0000000085a00000| PB 0x0000000085a00000| Untracked 
|  91|0x0000000085b00000, 0x0000000085c00000, 0x0000000085c00000|100%| O|  |TAMS 0x0000000085b00000| PB 0x0000000085b00000| Untracked 
|  92|0x0000000085c00000, 0x0000000085d00000, 0x0000000085d00000|100%| O|  |TAMS 0x0000000085c00000| PB 0x0000000085c00000| Untracked 
|  93|0x0000000085d00000, 0x0000000085e00000, 0x0000000085e00000|100%| O|  |TAMS 0x0000000085d00000| PB 0x0000000085d00000| Untracked 
|  94|0x0000000085e00000, 0x0000000085f00000, 0x0000000085f00000|100%| O|  |TAMS 0x0000000085e00000| PB 0x0000000085e00000| Untracked 
|  95|0x0000000085f00000, 0x0000000086000000, 0x0000000086000000|100%| O|  |TAMS 0x0000000085f00000| PB 0x0000000085f00000| Untracked 
|  96|0x0000000086000000, 0x0000000086100000, 0x0000000086100000|100%| O|  |TAMS 0x0000000086000000| PB 0x0000000086000000| Untracked 
|  97|0x0000000086100000, 0x0000000086200000, 0x0000000086200000|100%| O|  |TAMS 0x0000000086100000| PB 0x0000000086100000| Untracked 
|  98|0x0000000086200000, 0x0000000086300000, 0x0000000086300000|100%| O|  |TAMS 0x0000000086200000| PB 0x0000000086200000| Untracked 
|  99|0x0000000086300000, 0x0000000086400000, 0x0000000086400000|100%| O|  |TAMS 0x0000000086300000| PB 0x0000000086300000| Untracked 
| 100|0x0000000086400000, 0x0000000086500000, 0x0000000086500000|100%| O|  |TAMS 0x0000000086400000| PB 0x0000000086400000| Untracked 
| 101|0x0000000086500000, 0x0000000086600000, 0x0000000086600000|100%| O|  |TAMS 0x0000000086500000| PB 0x0000000086500000| Untracked 
| 102|0x0000000086600000, 0x0000000086700000, 0x0000000086700000|100%| O|  |TAMS 0x0000000086600000| PB 0x0000000086600000| Untracked 
| 103|0x0000000086700000, 0x0000000086800000, 0x0000000086800000|100%| O|  |TAMS 0x0000000086700000| PB 0x0000000086700000| Untracked 
| 104|0x0000000086800000, 0x0000000086900000, 0x0000000086900000|100%| O|  |TAMS 0x0000000086800000| PB 0x0000000086800000| Untracked 
| 105|0x0000000086900000, 0x0000000086a00000, 0x0000000086a00000|100%| O|  |TAMS 0x0000000086900000| PB 0x0000000086900000| Untracked 
| 106|0x0000000086a00000, 0x0000000086b00000, 0x0000000086b00000|100%| O|  |TAMS 0x0000000086a00000| PB 0x0000000086a00000| Untracked 
| 107|0x0000000086b00000, 0x0000000086c00000, 0x0000000086c00000|100%| O|  |TAMS 0x0000000086b00000| PB 0x0000000086b00000| Untracked 
| 108|0x0000000086c00000, 0x0000000086d00000, 0x0000000086d00000|100%| O|  |TAMS 0x0000000086c00000| PB 0x0000000086c00000| Untracked 
| 109|0x0000000086d00000, 0x0000000086e00000, 0x0000000086e00000|100%| O|  |TAMS 0x0000000086d00000| PB 0x0000000086d00000| Untracked 
| 110|0x0000000086e00000, 0x0000000086f00000, 0x0000000086f00000|100%| O|  |TAMS 0x0000000086e00000| PB 0x0000000086e00000| Untracked 
| 111|0x0000000086f00000, 0x0000000087000000, 0x0000000087000000|100%| O|  |TAMS 0x0000000086f00000| PB 0x0000000086f00000| Untracked 
| 112|0x0000000087000000, 0x0000000087100000, 0x0000000087100000|100%| O|  |TAMS 0x0000000087000000| PB 0x0000000087000000| Untracked 
| 113|0x0000000087100000, 0x0000000087200000, 0x0000000087200000|100%| O|  |TAMS 0x0000000087100000| PB 0x0000000087100000| Untracked 
| 114|0x0000000087200000, 0x0000000087300000, 0x0000000087300000|100%| O|  |TAMS 0x0000000087200000| PB 0x0000000087200000| Untracked 
| 115|0x0000000087300000, 0x0000000087400000, 0x0000000087400000|100%| O|  |TAMS 0x0000000087300000| PB 0x0000000087300000| Untracked 
| 116|0x0000000087400000, 0x0000000087500000, 0x0000000087500000|100%| O|  |TAMS 0x0000000087400000| PB 0x0000000087400000| Untracked 
| 117|0x0000000087500000, 0x0000000087600000, 0x0000000087600000|100%| O|  |TAMS 0x0000000087500000| PB 0x0000000087500000| Untracked 
| 118|0x0000000087600000, 0x0000000087700000, 0x0000000087700000|100%|HS|  |TAMS 0x0000000087600000| PB 0x0000000087600000| Complete 
| 119|0x0000000087700000, 0x0000000087800000, 0x0000000087800000|100%| O|  |TAMS 0x0000000087700000| PB 0x0000000087700000| Untracked 
| 120|0x0000000087800000, 0x0000000087900000, 0x0000000087900000|100%|HS|  |TAMS 0x0000000087800000| PB 0x0000000087800000| Complete 
| 121|0x0000000087900000, 0x0000000087a00000, 0x0000000087a00000|100%|HS|  |TAMS 0x0000000087900000| PB 0x0000000087900000| Complete 
| 122|0x0000000087a00000, 0x0000000087b00000, 0x0000000087b00000|100%|HC|  |TAMS 0x0000000087a00000| PB 0x0000000087a00000| Complete 
| 123|0x0000000087b00000, 0x0000000087c00000, 0x0000000087c00000|100%|HS|  |TAMS 0x0000000087b00000| PB 0x0000000087b00000| Complete 
| 124|0x0000000087c00000, 0x0000000087d00000, 0x0000000087d00000|100%|HC|  |TAMS 0x0000000087c00000| PB 0x0000000087c00000| Complete 
| 125|0x0000000087d00000, 0x0000000087e00000, 0x0000000087e00000|100%| O|  |TAMS 0x0000000087d00000| PB 0x0000000087d00000| Untracked 
| 126|0x0000000087e00000, 0x0000000087f00000, 0x0000000087f00000|100%|HS|  |TAMS 0x0000000087e00000| PB 0x0000000087e00000| Complete 
| 127|0x0000000087f00000, 0x0000000088000000, 0x0000000088000000|100%| O|  |TAMS 0x0000000087f00000| PB 0x0000000087f00000| Untracked 
| 128|0x0000000088000000, 0x0000000088100000, 0x0000000088100000|100%| O|  |TAMS 0x0000000088000000| PB 0x0000000088000000| Untracked 
| 129|0x0000000088100000, 0x0000000088200000, 0x0000000088200000|100%|HS|  |TAMS 0x0000000088100000| PB 0x0000000088100000| Complete 
| 130|0x0000000088200000, 0x0000000088300000, 0x0000000088300000|100%| O|  |TAMS 0x0000000088200000| PB 0x0000000088200000| Untracked 
| 131|0x0000000088300000, 0x0000000088400000, 0x0000000088400000|100%| O|  |TAMS 0x0000000088300000| PB 0x0000000088300000| Untracked 
| 132|0x0000000088400000, 0x0000000088400000, 0x0000000088500000|  0%| F|  |TAMS 0x0000000088400000| PB 0x0000000088400000| Untracked 
| 133|0x0000000088500000, 0x0000000088600000, 0x0000000088600000|100%| O|  |TAMS 0x0000000088500000| PB 0x0000000088500000| Untracked 
| 134|0x0000000088600000, 0x0000000088600000, 0x0000000088700000|  0%| F|  |TAMS 0x0000000088600000| PB 0x0000000088600000| Untracked 
| 135|0x0000000088700000, 0x0000000088800000, 0x0000000088800000|100%| O|  |TAMS 0x0000000088700000| PB 0x0000000088700000| Untracked 
| 136|0x0000000088800000, 0x0000000088900000, 0x0000000088900000|100%| O|  |TAMS 0x0000000088800000| PB 0x0000000088800000| Untracked 
| 137|0x0000000088900000, 0x0000000088a00000, 0x0000000088a00000|100%| O|  |TAMS 0x0000000088900000| PB 0x0000000088900000| Untracked 
| 138|0x0000000088a00000, 0x0000000088b00000, 0x0000000088b00000|100%| O|  |TAMS 0x0000000088a00000| PB 0x0000000088a00000| Untracked 
| 139|0x0000000088b00000, 0x0000000088c00000, 0x0000000088c00000|100%| O|  |TAMS 0x0000000088b00000| PB 0x0000000088b00000| Untracked 
| 140|0x0000000088c00000, 0x0000000088d00000, 0x0000000088d00000|100%| O|  |TAMS 0x0000000088c00000| PB 0x0000000088c00000| Untracked 
| 141|0x0000000088d00000, 0x0000000088e00000, 0x0000000088e00000|100%| O|  |TAMS 0x0000000088d00000| PB 0x0000000088d00000| Untracked 
| 142|0x0000000088e00000, 0x0000000088f00000, 0x0000000088f00000|100%| O|  |TAMS 0x0000000088e00000| PB 0x0000000088e00000| Untracked 
| 143|0x0000000088f00000, 0x0000000089000000, 0x0000000089000000|100%| O|  |TAMS 0x0000000088f00000| PB 0x0000000088f00000| Untracked 
| 144|0x0000000089000000, 0x0000000089100000, 0x0000000089100000|100%| O|  |TAMS 0x0000000089000000| PB 0x0000000089000000| Untracked 
| 145|0x0000000089100000, 0x0000000089200000, 0x0000000089200000|100%| O|  |TAMS 0x0000000089100000| PB 0x0000000089100000| Untracked 
| 146|0x0000000089200000, 0x0000000089200000, 0x0000000089300000|  0%| F|  |TAMS 0x0000000089200000| PB 0x0000000089200000| Untracked 
| 147|0x0000000089300000, 0x0000000089400000, 0x0000000089400000|100%| O|  |TAMS 0x0000000089300000| PB 0x0000000089300000| Untracked 
| 148|0x0000000089400000, 0x0000000089500000, 0x0000000089500000|100%|HS|  |TAMS 0x0000000089400000| PB 0x0000000089400000| Complete 
| 149|0x0000000089500000, 0x0000000089600000, 0x0000000089600000|100%|HC|  |TAMS 0x0000000089500000| PB 0x0000000089500000| Complete 
| 150|0x0000000089600000, 0x0000000089600000, 0x0000000089700000|  0%| F|  |TAMS 0x0000000089600000| PB 0x0000000089600000| Untracked 
| 151|0x0000000089700000, 0x0000000089800000, 0x0000000089800000|100%| O|  |TAMS 0x0000000089700000| PB 0x0000000089700000| Untracked 
| 152|0x0000000089800000, 0x0000000089900000, 0x0000000089900000|100%| O|  |TAMS 0x0000000089800000| PB 0x0000000089800000| Untracked 
| 153|0x0000000089900000, 0x0000000089900000, 0x0000000089a00000|  0%| F|  |TAMS 0x0000000089900000| PB 0x0000000089900000| Untracked 
| 154|0x0000000089a00000, 0x0000000089b00000, 0x0000000089b00000|100%| O|  |TAMS 0x0000000089a00000| PB 0x0000000089a00000| Untracked 
| 155|0x0000000089b00000, 0x0000000089b00000, 0x0000000089c00000|  0%| F|  |TAMS 0x0000000089b00000| PB 0x0000000089b00000| Untracked 
| 156|0x0000000089c00000, 0x0000000089c00000, 0x0000000089d00000|  0%| F|  |TAMS 0x0000000089c00000| PB 0x0000000089c00000| Untracked 
| 157|0x0000000089d00000, 0x0000000089e00000, 0x0000000089e00000|100%|HS|  |TAMS 0x0000000089d00000| PB 0x0000000089d00000| Complete 
| 158|0x0000000089e00000, 0x0000000089f00000, 0x0000000089f00000|100%| O|  |TAMS 0x0000000089e00000| PB 0x0000000089e00000| Untracked 
| 159|0x0000000089f00000, 0x000000008a000000, 0x000000008a000000|100%| O|  |TAMS 0x0000000089f00000| PB 0x0000000089f00000| Untracked 
| 160|0x000000008a000000, 0x000000008a100000, 0x000000008a100000|100%| O|  |TAMS 0x000000008a000000| PB 0x000000008a000000| Untracked 
| 161|0x000000008a100000, 0x000000008a200000, 0x000000008a200000|100%| O|  |TAMS 0x000000008a100000| PB 0x000000008a100000| Untracked 
| 162|0x000000008a200000, 0x000000008a300000, 0x000000008a300000|100%| O|  |TAMS 0x000000008a200000| PB 0x000000008a200000| Untracked 
| 163|0x000000008a300000, 0x000000008a400000, 0x000000008a400000|100%| O|  |TAMS 0x000000008a300000| PB 0x000000008a300000| Untracked 
| 164|0x000000008a400000, 0x000000008a500000, 0x000000008a500000|100%|HS|  |TAMS 0x000000008a400000| PB 0x000000008a400000| Complete 
| 165|0x000000008a500000, 0x000000008a600000, 0x000000008a600000|100%|HC|  |TAMS 0x000000008a500000| PB 0x000000008a500000| Complete 
| 166|0x000000008a600000, 0x000000008a700000, 0x000000008a700000|100%|HC|  |TAMS 0x000000008a600000| PB 0x000000008a600000| Complete 
| 167|0x000000008a700000, 0x000000008a800000, 0x000000008a800000|100%| O|  |TAMS 0x000000008a700000| PB 0x000000008a700000| Untracked 
| 168|0x000000008a800000, 0x000000008a900000, 0x000000008a900000|100%|HS|  |TAMS 0x000000008a800000| PB 0x000000008a800000| Complete 
| 169|0x000000008a900000, 0x000000008aa00000, 0x000000008aa00000|100%|HC|  |TAMS 0x000000008a900000| PB 0x000000008a900000| Complete 
| 170|0x000000008aa00000, 0x000000008ab00000, 0x000000008ab00000|100%|HC|  |TAMS 0x000000008aa00000| PB 0x000000008aa00000| Complete 
| 171|0x000000008ab00000, 0x000000008ac00000, 0x000000008ac00000|100%|HC|  |TAMS 0x000000008ab00000| PB 0x000000008ab00000| Complete 
| 172|0x000000008ac00000, 0x000000008ad00000, 0x000000008ad00000|100%| O|  |TAMS 0x000000008ac00000| PB 0x000000008ac00000| Untracked 
| 173|0x000000008ad00000, 0x000000008ad00000, 0x000000008ae00000|  0%| F|  |TAMS 0x000000008ad00000| PB 0x000000008ad00000| Untracked 
| 174|0x000000008ae00000, 0x000000008af00000, 0x000000008af00000|100%| O|  |TAMS 0x000000008ae00000| PB 0x000000008ae00000| Untracked 
| 175|0x000000008af00000, 0x000000008b000000, 0x000000008b000000|100%| O|  |TAMS 0x000000008af00000| PB 0x000000008af00000| Untracked 
| 176|0x000000008b000000, 0x000000008b000000, 0x000000008b100000|  0%| F|  |TAMS 0x000000008b000000| PB 0x000000008b000000| Untracked 
| 177|0x000000008b100000, 0x000000008b100000, 0x000000008b200000|  0%| F|  |TAMS 0x000000008b100000| PB 0x000000008b100000| Untracked 
| 178|0x000000008b200000, 0x000000008b200000, 0x000000008b300000|  0%| F|  |TAMS 0x000000008b200000| PB 0x000000008b200000| Untracked 
| 179|0x000000008b300000, 0x000000008b400000, 0x000000008b400000|100%| O|  |TAMS 0x000000008b300000| PB 0x000000008b300000| Untracked 
| 180|0x000000008b400000, 0x000000008b500000, 0x000000008b500000|100%| O|  |TAMS 0x000000008b400000| PB 0x000000008b400000| Untracked 
| 181|0x000000008b500000, 0x000000008b500000, 0x000000008b600000|  0%| F|  |TAMS 0x000000008b500000| PB 0x000000008b500000| Untracked 
| 182|0x000000008b600000, 0x000000008b700000, 0x000000008b700000|100%|HS|  |TAMS 0x000000008b600000| PB 0x000000008b600000| Complete 
| 183|0x000000008b700000, 0x000000008b800000, 0x000000008b800000|100%| O|  |TAMS 0x000000008b700000| PB 0x000000008b700000| Untracked 
| 184|0x000000008b800000, 0x000000008b900000, 0x000000008b900000|100%| O|  |TAMS 0x000000008b800000| PB 0x000000008b800000| Untracked 
| 185|0x000000008b900000, 0x000000008b900000, 0x000000008ba00000|  0%| F|  |TAMS 0x000000008b900000| PB 0x000000008b900000| Untracked 
| 186|0x000000008ba00000, 0x000000008ba00000, 0x000000008bb00000|  0%| F|  |TAMS 0x000000008ba00000| PB 0x000000008ba00000| Untracked 
| 187|0x000000008bb00000, 0x000000008bc00000, 0x000000008bc00000|100%| O|  |TAMS 0x000000008bb00000| PB 0x000000008bb00000| Untracked 
| 188|0x000000008bc00000, 0x000000008bc00000, 0x000000008bd00000|  0%| F|  |TAMS 0x000000008bc00000| PB 0x000000008bc00000| Untracked 
| 189|0x000000008bd00000, 0x000000008be00000, 0x000000008be00000|100%| O|  |TAMS 0x000000008bd00000| PB 0x000000008bd00000| Untracked 
| 190|0x000000008be00000, 0x000000008bf00000, 0x000000008bf00000|100%| O|  |TAMS 0x000000008be00000| PB 0x000000008be00000| Untracked 
| 191|0x000000008bf00000, 0x000000008c000000, 0x000000008c000000|100%| O|  |TAMS 0x000000008bf00000| PB 0x000000008bf00000| Untracked 
| 192|0x000000008c000000, 0x000000008c100000, 0x000000008c100000|100%|HS|  |TAMS 0x000000008c000000| PB 0x000000008c000000| Complete 
| 193|0x000000008c100000, 0x000000008c200000, 0x000000008c200000|100%|HC|  |TAMS 0x000000008c100000| PB 0x000000008c100000| Complete 
| 194|0x000000008c200000, 0x000000008c300000, 0x000000008c300000|100%| O|  |TAMS 0x000000008c200000| PB 0x000000008c200000| Untracked 
| 195|0x000000008c300000, 0x000000008c400000, 0x000000008c400000|100%|HS|  |TAMS 0x000000008c300000| PB 0x000000008c300000| Complete 
| 196|0x000000008c400000, 0x000000008c500000, 0x000000008c500000|100%|HC|  |TAMS 0x000000008c400000| PB 0x000000008c400000| Complete 
| 197|0x000000008c500000, 0x000000008c600000, 0x000000008c600000|100%|HC|  |TAMS 0x000000008c500000| PB 0x000000008c500000| Complete 
| 198|0x000000008c600000, 0x000000008c700000, 0x000000008c700000|100%|HS|  |TAMS 0x000000008c600000| PB 0x000000008c600000| Complete 
| 199|0x000000008c700000, 0x000000008c800000, 0x000000008c800000|100%|HC|  |TAMS 0x000000008c700000| PB 0x000000008c700000| Complete 
| 200|0x000000008c800000, 0x000000008c900000, 0x000000008c900000|100%|HS|  |TAMS 0x000000008c800000| PB 0x000000008c800000| Complete 
| 201|0x000000008c900000, 0x000000008ca00000, 0x000000008ca00000|100%|HC|  |TAMS 0x000000008c900000| PB 0x000000008c900000| Complete 
| 202|0x000000008ca00000, 0x000000008cb00000, 0x000000008cb00000|100%|HS|  |TAMS 0x000000008ca00000| PB 0x000000008ca00000| Complete 
| 203|0x000000008cb00000, 0x000000008cc00000, 0x000000008cc00000|100%|HC|  |TAMS 0x000000008cb00000| PB 0x000000008cb00000| Complete 
| 204|0x000000008cc00000, 0x000000008cd00000, 0x000000008cd00000|100%|HC|  |TAMS 0x000000008cc00000| PB 0x000000008cc00000| Complete 
| 205|0x000000008cd00000, 0x000000008ce00000, 0x000000008ce00000|100%| O|  |TAMS 0x000000008cd00000| PB 0x000000008cd00000| Untracked 
| 206|0x000000008ce00000, 0x000000008cf00000, 0x000000008cf00000|100%| O|  |TAMS 0x000000008ce00000| PB 0x000000008ce00000| Untracked 
| 207|0x000000008cf00000, 0x000000008d000000, 0x000000008d000000|100%| O|  |TAMS 0x000000008cf00000| PB 0x000000008cf00000| Untracked 
| 208|0x000000008d000000, 0x000000008d100000, 0x000000008d100000|100%| O|  |TAMS 0x000000008d000000| PB 0x000000008d000000| Untracked 
| 209|0x000000008d100000, 0x000000008d200000, 0x000000008d200000|100%| O|  |TAMS 0x000000008d100000| PB 0x000000008d100000| Untracked 
| 210|0x000000008d200000, 0x000000008d300000, 0x000000008d300000|100%|HS|  |TAMS 0x000000008d200000| PB 0x000000008d200000| Complete 
| 211|0x000000008d300000, 0x000000008d400000, 0x000000008d400000|100%|HC|  |TAMS 0x000000008d300000| PB 0x000000008d300000| Complete 
| 212|0x000000008d400000, 0x000000008d500000, 0x000000008d500000|100%|HC|  |TAMS 0x000000008d400000| PB 0x000000008d400000| Complete 
| 213|0x000000008d500000, 0x000000008d600000, 0x000000008d600000|100%|HC|  |TAMS 0x000000008d500000| PB 0x000000008d500000| Complete 
| 214|0x000000008d600000, 0x000000008d700000, 0x000000008d700000|100%| O|  |TAMS 0x000000008d600000| PB 0x000000008d600000| Untracked 
| 215|0x000000008d700000, 0x000000008d800000, 0x000000008d800000|100%| O|  |TAMS 0x000000008d700000| PB 0x000000008d700000| Untracked 
| 216|0x000000008d800000, 0x000000008d900000, 0x000000008d900000|100%|HS|  |TAMS 0x000000008d800000| PB 0x000000008d800000| Complete 
| 217|0x000000008d900000, 0x000000008da00000, 0x000000008da00000|100%|HC|  |TAMS 0x000000008d900000| PB 0x000000008d900000| Complete 
| 218|0x000000008da00000, 0x000000008db00000, 0x000000008db00000|100%| O|  |TAMS 0x000000008da00000| PB 0x000000008da00000| Untracked 
| 219|0x000000008db00000, 0x000000008dc00000, 0x000000008dc00000|100%| O|  |TAMS 0x000000008db00000| PB 0x000000008db00000| Untracked 
| 220|0x000000008dc00000, 0x000000008dd00000, 0x000000008dd00000|100%| O|  |TAMS 0x000000008dc00000| PB 0x000000008dc00000| Untracked 
| 221|0x000000008dd00000, 0x000000008de00000, 0x000000008de00000|100%| O|  |TAMS 0x000000008dd00000| PB 0x000000008dd00000| Untracked 
| 222|0x000000008de00000, 0x000000008df00000, 0x000000008df00000|100%| S|CS|TAMS 0x000000008de00000| PB 0x000000008de00000| Complete 
| 223|0x000000008df00000, 0x000000008e000000, 0x000000008e000000|100%| S|CS|TAMS 0x000000008df00000| PB 0x000000008df00000| Complete 
| 224|0x000000008e000000, 0x000000008e100000, 0x000000008e100000|100%| S|CS|TAMS 0x000000008e000000| PB 0x000000008e000000| Complete 
| 225|0x000000008e100000, 0x000000008e200000, 0x000000008e200000|100%| S|CS|TAMS 0x000000008e100000| PB 0x000000008e100000| Complete 
| 226|0x000000008e200000, 0x000000008e300000, 0x000000008e300000|100%| O|  |TAMS 0x000000008e200000| PB 0x000000008e200000| Untracked 
| 227|0x000000008e300000, 0x000000008e400000, 0x000000008e400000|100%| O|  |TAMS 0x000000008e300000| PB 0x000000008e300000| Untracked 
| 228|0x000000008e400000, 0x000000008e500000, 0x000000008e500000|100%| S|CS|TAMS 0x000000008e400000| PB 0x000000008e400000| Complete 
| 229|0x000000008e500000, 0x000000008e600000, 0x000000008e600000|100%| S|CS|TAMS 0x000000008e500000| PB 0x000000008e500000| Complete 
| 230|0x000000008e600000, 0x000000008e700000, 0x000000008e700000|100%| O|  |TAMS 0x000000008e600000| PB 0x000000008e600000| Untracked 
| 231|0x000000008e700000, 0x000000008e800000, 0x000000008e800000|100%| S|CS|TAMS 0x000000008e700000| PB 0x000000008e700000| Complete 
| 232|0x000000008e800000, 0x000000008e900000, 0x000000008e900000|100%| S|CS|TAMS 0x000000008e800000| PB 0x000000008e800000| Complete 
| 233|0x000000008e900000, 0x000000008ea00000, 0x000000008ea00000|100%| S|CS|TAMS 0x000000008e900000| PB 0x000000008e900000| Complete 
| 234|0x000000008ea00000, 0x000000008eb00000, 0x000000008eb00000|100%| S|CS|TAMS 0x000000008ea00000| PB 0x000000008ea00000| Complete 
| 235|0x000000008eb00000, 0x000000008ec00000, 0x000000008ec00000|100%| S|CS|TAMS 0x000000008eb00000| PB 0x000000008eb00000| Complete 
| 236|0x000000008ec00000, 0x000000008ed00000, 0x000000008ed00000|100%| S|CS|TAMS 0x000000008ec00000| PB 0x000000008ec00000| Complete 
| 237|0x000000008ed00000, 0x000000008ee00000, 0x000000008ee00000|100%|HS|  |TAMS 0x000000008ed00000| PB 0x000000008ed00000| Complete 
| 238|0x000000008ee00000, 0x000000008ef00000, 0x000000008ef00000|100%|HC|  |TAMS 0x000000008ee00000| PB 0x000000008ee00000| Complete 
| 239|0x000000008ef00000, 0x000000008f000000, 0x000000008f000000|100%|HC|  |TAMS 0x000000008ef00000| PB 0x000000008ef00000| Complete 
| 240|0x000000008f000000, 0x000000008f100000, 0x000000008f100000|100%| S|CS|TAMS 0x000000008f000000| PB 0x000000008f000000| Complete 
| 241|0x000000008f100000, 0x000000008f200000, 0x000000008f200000|100%| S|CS|TAMS 0x000000008f100000| PB 0x000000008f100000| Complete 
| 242|0x000000008f200000, 0x000000008f300000, 0x000000008f300000|100%| S|CS|TAMS 0x000000008f200000| PB 0x000000008f200000| Complete 
| 243|0x000000008f300000, 0x000000008f400000, 0x000000008f400000|100%| S|CS|TAMS 0x000000008f300000| PB 0x000000008f300000| Complete 
| 244|0x000000008f400000, 0x000000008f500000, 0x000000008f500000|100%| S|CS|TAMS 0x000000008f400000| PB 0x000000008f400000| Complete 
| 245|0x000000008f500000, 0x000000008f600000, 0x000000008f600000|100%|HS|  |TAMS 0x000000008f500000| PB 0x000000008f500000| Complete 
| 246|0x000000008f600000, 0x000000008f700000, 0x000000008f700000|100%|HC|  |TAMS 0x000000008f600000| PB 0x000000008f600000| Complete 
| 247|0x000000008f700000, 0x000000008f800000, 0x000000008f800000|100%|HC|  |TAMS 0x000000008f700000| PB 0x000000008f700000| Complete 
| 248|0x000000008f800000, 0x000000008f900000, 0x000000008f900000|100%| O|  |TAMS 0x000000008f800000| PB 0x000000008f800000| Untracked 
| 249|0x000000008f900000, 0x000000008fa00000, 0x000000008fa00000|100%| O|  |TAMS 0x000000008f900000| PB 0x000000008f900000| Untracked 
| 250|0x000000008fa00000, 0x000000008fb00000, 0x000000008fb00000|100%| O|  |TAMS 0x000000008fa00000| PB 0x000000008fa00000| Untracked 
| 251|0x000000008fb00000, 0x000000008fc00000, 0x000000008fc00000|100%| O|  |TAMS 0x000000008fb00000| PB 0x000000008fb00000| Untracked 
| 252|0x000000008fc00000, 0x000000008fd00000, 0x000000008fd00000|100%| O|  |TAMS 0x000000008fc00000| PB 0x000000008fc00000| Untracked 
| 253|0x000000008fd00000, 0x000000008fe00000, 0x000000008fe00000|100%| O|  |TAMS 0x000000008fd00000| PB 0x000000008fd00000| Untracked 
| 254|0x000000008fe00000, 0x000000008ff00000, 0x000000008ff00000|100%| O|  |TAMS 0x000000008fe00000| PB 0x000000008fe00000| Untracked 
| 255|0x000000008ff00000, 0x0000000090000000, 0x0000000090000000|100%| O|  |TAMS 0x000000008ff00000| PB 0x000000008ff00000| Untracked 
| 256|0x0000000090000000, 0x0000000090100000, 0x0000000090100000|100%| O|  |TAMS 0x0000000090000000| PB 0x0000000090000000| Untracked 
| 257|0x0000000090100000, 0x0000000090200000, 0x0000000090200000|100%| O|  |TAMS 0x0000000090100000| PB 0x0000000090100000| Untracked 
| 258|0x0000000090200000, 0x0000000090300000, 0x0000000090300000|100%| O|  |TAMS 0x0000000090200000| PB 0x0000000090200000| Untracked 
| 259|0x0000000090300000, 0x0000000090400000, 0x0000000090400000|100%| O|  |TAMS 0x0000000090300000| PB 0x0000000090300000| Untracked 
| 260|0x0000000090400000, 0x0000000090500000, 0x0000000090500000|100%| O|  |TAMS 0x0000000090400000| PB 0x0000000090400000| Untracked 
| 261|0x0000000090500000, 0x0000000090600000, 0x0000000090600000|100%| O|  |TAMS 0x0000000090500000| PB 0x0000000090500000| Untracked 
| 262|0x0000000090600000, 0x0000000090700000, 0x0000000090700000|100%| O|  |TAMS 0x0000000090600000| PB 0x0000000090600000| Untracked 
| 263|0x0000000090700000, 0x0000000090700000, 0x0000000090800000|  0%| F|  |TAMS 0x0000000090700000| PB 0x0000000090700000| Untracked 
| 264|0x0000000090800000, 0x0000000090900000, 0x0000000090900000|100%| S|CS|TAMS 0x0000000090800000| PB 0x0000000090800000| Complete 
| 265|0x0000000090900000, 0x0000000090a00000, 0x0000000090a00000|100%| S|CS|TAMS 0x0000000090900000| PB 0x0000000090900000| Complete 
| 266|0x0000000090a00000, 0x0000000090b00000, 0x0000000090b00000|100%| S|CS|TAMS 0x0000000090a00000| PB 0x0000000090a00000| Complete 
| 267|0x0000000090b00000, 0x0000000090b00000, 0x0000000090c00000|  0%| F|  |TAMS 0x0000000090b00000| PB 0x0000000090b00000| Untracked 
| 268|0x0000000090c00000, 0x0000000090d00000, 0x0000000090d00000|100%| O|  |TAMS 0x0000000090c00000| PB 0x0000000090c00000| Untracked 
| 269|0x0000000090d00000, 0x0000000090e00000, 0x0000000090e00000|100%|HS|  |TAMS 0x0000000090d00000| PB 0x0000000090d00000| Complete 
| 270|0x0000000090e00000, 0x0000000090f00000, 0x0000000090f00000|100%|HC|  |TAMS 0x0000000090e00000| PB 0x0000000090e00000| Complete 
| 271|0x0000000090f00000, 0x0000000091000000, 0x0000000091000000|100%| S|CS|TAMS 0x0000000090f00000| PB 0x0000000090f00000| Complete 
| 272|0x0000000091000000, 0x0000000091100000, 0x0000000091100000|100%| S|CS|TAMS 0x0000000091000000| PB 0x0000000091000000| Complete 
| 273|0x0000000091100000, 0x0000000091200000, 0x0000000091200000|100%|HS|  |TAMS 0x0000000091100000| PB 0x0000000091100000| Complete 
| 274|0x0000000091200000, 0x0000000091300000, 0x0000000091300000|100%|HC|  |TAMS 0x0000000091200000| PB 0x0000000091200000| Complete 
| 275|0x0000000091300000, 0x0000000091400000, 0x0000000091400000|100%| S|CS|TAMS 0x0000000091300000| PB 0x0000000091300000| Complete 
| 276|0x0000000091400000, 0x0000000091500000, 0x0000000091500000|100%| S|CS|TAMS 0x0000000091400000| PB 0x0000000091400000| Complete 
| 277|0x0000000091500000, 0x0000000091600000, 0x0000000091600000|100%| S|CS|TAMS 0x0000000091500000| PB 0x0000000091500000| Complete 
| 278|0x0000000091600000, 0x0000000091700000, 0x0000000091700000|100%|HS|  |TAMS 0x0000000091600000| PB 0x0000000091600000| Complete 
| 279|0x0000000091700000, 0x0000000091800000, 0x0000000091800000|100%|HC|  |TAMS 0x0000000091700000| PB 0x0000000091700000| Complete 
| 280|0x0000000091800000, 0x0000000091900000, 0x0000000091900000|100%| S|CS|TAMS 0x0000000091800000| PB 0x0000000091800000| Complete 
| 281|0x0000000091900000, 0x0000000091a00000, 0x0000000091a00000|100%| S|CS|TAMS 0x0000000091900000| PB 0x0000000091900000| Complete 
| 282|0x0000000091a00000, 0x0000000091b00000, 0x0000000091b00000|100%| S|CS|TAMS 0x0000000091a00000| PB 0x0000000091a00000| Complete 
| 283|0x0000000091b00000, 0x0000000091c00000, 0x0000000091c00000|100%|HS|  |TAMS 0x0000000091b00000| PB 0x0000000091b00000| Complete 
| 284|0x0000000091c00000, 0x0000000091d00000, 0x0000000091d00000|100%|HC|  |TAMS 0x0000000091c00000| PB 0x0000000091c00000| Complete 
| 285|0x0000000091d00000, 0x0000000091e00000, 0x0000000091e00000|100%| S|CS|TAMS 0x0000000091d00000| PB 0x0000000091d00000| Complete 
| 286|0x0000000091e00000, 0x0000000091f00000, 0x0000000091f00000|100%| S|CS|TAMS 0x0000000091e00000| PB 0x0000000091e00000| Complete 
| 287|0x0000000091f00000, 0x0000000092000000, 0x0000000092000000|100%| S|CS|TAMS 0x0000000091f00000| PB 0x0000000091f00000| Complete 
| 288|0x0000000092000000, 0x0000000092100000, 0x0000000092100000|100%| S|CS|TAMS 0x0000000092000000| PB 0x0000000092000000| Complete 
| 289|0x0000000092100000, 0x0000000092200000, 0x0000000092200000|100%| S|CS|TAMS 0x0000000092100000| PB 0x0000000092100000| Complete 
| 290|0x0000000092200000, 0x0000000092300000, 0x0000000092300000|100%| S|CS|TAMS 0x0000000092200000| PB 0x0000000092200000| Complete 
| 291|0x0000000092300000, 0x0000000092400000, 0x0000000092400000|100%|HS|  |TAMS 0x0000000092300000| PB 0x0000000092300000| Complete 
| 292|0x0000000092400000, 0x0000000092500000, 0x0000000092500000|100%|HC|  |TAMS 0x0000000092400000| PB 0x0000000092400000| Complete 
| 293|0x0000000092500000, 0x0000000092600000, 0x0000000092600000|100%|HC|  |TAMS 0x0000000092500000| PB 0x0000000092500000| Complete 
| 294|0x0000000092600000, 0x0000000092700000, 0x0000000092700000|100%|HS|  |TAMS 0x0000000092600000| PB 0x0000000092600000| Complete 
| 295|0x0000000092700000, 0x0000000092800000, 0x0000000092800000|100%| S|CS|TAMS 0x0000000092700000| PB 0x0000000092700000| Complete 
| 296|0x0000000092800000, 0x0000000092900000, 0x0000000092900000|100%| S|CS|TAMS 0x0000000092800000| PB 0x0000000092800000| Complete 
| 297|0x0000000092900000, 0x0000000092a00000, 0x0000000092a00000|100%| S|CS|TAMS 0x0000000092900000| PB 0x0000000092900000| Complete 
| 298|0x0000000092a00000, 0x0000000092a00000, 0x0000000092b00000|  0%| F|  |TAMS 0x0000000092a00000| PB 0x0000000092a00000| Untracked 
| 299|0x0000000092b00000, 0x0000000092b00000, 0x0000000092c00000|  0%| F|  |TAMS 0x0000000092b00000| PB 0x0000000092b00000| Untracked 
| 300|0x0000000092c00000, 0x0000000092c00000, 0x0000000092d00000|  0%| F|  |TAMS 0x0000000092c00000| PB 0x0000000092c00000| Untracked 
| 301|0x0000000092d00000, 0x0000000092d00000, 0x0000000092e00000|  0%| F|  |TAMS 0x0000000092d00000| PB 0x0000000092d00000| Untracked 
| 302|0x0000000092e00000, 0x0000000092e00000, 0x0000000092f00000|  0%| F|  |TAMS 0x0000000092e00000| PB 0x0000000092e00000| Untracked 
| 303|0x0000000092f00000, 0x0000000092f00000, 0x0000000093000000|  0%| F|  |TAMS 0x0000000092f00000| PB 0x0000000092f00000| Untracked 
| 304|0x0000000093000000, 0x0000000093000000, 0x0000000093100000|  0%| F|  |TAMS 0x0000000093000000| PB 0x0000000093000000| Untracked 
| 305|0x0000000093100000, 0x0000000093100000, 0x0000000093200000|  0%| F|  |TAMS 0x0000000093100000| PB 0x0000000093100000| Untracked 
| 306|0x0000000093200000, 0x0000000093200000, 0x0000000093300000|  0%| F|  |TAMS 0x0000000093200000| PB 0x0000000093200000| Untracked 
| 307|0x0000000093300000, 0x0000000093300000, 0x0000000093400000|  0%| F|  |TAMS 0x0000000093300000| PB 0x0000000093300000| Untracked 
| 308|0x0000000093400000, 0x0000000093400000, 0x0000000093500000|  0%| F|  |TAMS 0x0000000093400000| PB 0x0000000093400000| Untracked 
| 309|0x0000000093500000, 0x0000000093500000, 0x0000000093600000|  0%| F|  |TAMS 0x0000000093500000| PB 0x0000000093500000| Untracked 
| 310|0x0000000093600000, 0x0000000093600000, 0x0000000093700000|  0%| F|  |TAMS 0x0000000093600000| PB 0x0000000093600000| Untracked 
| 311|0x0000000093700000, 0x0000000093700000, 0x0000000093800000|  0%| F|  |TAMS 0x0000000093700000| PB 0x0000000093700000| Untracked 
| 312|0x0000000093800000, 0x0000000093800000, 0x0000000093900000|  0%| F|  |TAMS 0x0000000093800000| PB 0x0000000093800000| Untracked 
| 313|0x0000000093900000, 0x0000000093900000, 0x0000000093a00000|  0%| F|  |TAMS 0x0000000093900000| PB 0x0000000093900000| Untracked 
| 314|0x0000000093a00000, 0x0000000093a00000, 0x0000000093b00000|  0%| F|  |TAMS 0x0000000093a00000| PB 0x0000000093a00000| Untracked 
| 315|0x0000000093b00000, 0x0000000093b00000, 0x0000000093c00000|  0%| F|  |TAMS 0x0000000093b00000| PB 0x0000000093b00000| Untracked 
| 316|0x0000000093c00000, 0x0000000093c00000, 0x0000000093d00000|  0%| F|  |TAMS 0x0000000093c00000| PB 0x0000000093c00000| Untracked 
| 317|0x0000000093d00000, 0x0000000093d00000, 0x0000000093e00000|  0%| F|  |TAMS 0x0000000093d00000| PB 0x0000000093d00000| Untracked 
| 318|0x0000000093e00000, 0x0000000093e00000, 0x0000000093f00000|  0%| F|  |TAMS 0x0000000093e00000| PB 0x0000000093e00000| Untracked 
| 319|0x0000000093f00000, 0x0000000093f00000, 0x0000000094000000|  0%| F|  |TAMS 0x0000000093f00000| PB 0x0000000093f00000| Untracked 
| 320|0x0000000094000000, 0x0000000094000000, 0x0000000094100000|  0%| F|  |TAMS 0x0000000094000000| PB 0x0000000094000000| Untracked 
| 321|0x0000000094100000, 0x0000000094100000, 0x0000000094200000|  0%| F|  |TAMS 0x0000000094100000| PB 0x0000000094100000| Untracked 
| 322|0x0000000094200000, 0x0000000094200000, 0x0000000094300000|  0%| F|  |TAMS 0x0000000094200000| PB 0x0000000094200000| Untracked 
| 323|0x0000000094300000, 0x0000000094300000, 0x0000000094400000|  0%| F|  |TAMS 0x0000000094300000| PB 0x0000000094300000| Untracked 
| 324|0x0000000094400000, 0x0000000094400000, 0x0000000094500000|  0%| F|  |TAMS 0x0000000094400000| PB 0x0000000094400000| Untracked 
| 325|0x0000000094500000, 0x0000000094500000, 0x0000000094600000|  0%| F|  |TAMS 0x0000000094500000| PB 0x0000000094500000| Untracked 
| 326|0x0000000094600000, 0x0000000094600000, 0x0000000094700000|  0%| F|  |TAMS 0x0000000094600000| PB 0x0000000094600000| Untracked 
| 327|0x0000000094700000, 0x0000000094700000, 0x0000000094800000|  0%| F|  |TAMS 0x0000000094700000| PB 0x0000000094700000| Untracked 
| 328|0x0000000094800000, 0x0000000094800000, 0x0000000094900000|  0%| F|  |TAMS 0x0000000094800000| PB 0x0000000094800000| Untracked 
| 329|0x0000000094900000, 0x0000000094900000, 0x0000000094a00000|  0%| F|  |TAMS 0x0000000094900000| PB 0x0000000094900000| Untracked 
| 330|0x0000000094a00000, 0x0000000094a00000, 0x0000000094b00000|  0%| F|  |TAMS 0x0000000094a00000| PB 0x0000000094a00000| Untracked 
| 331|0x0000000094b00000, 0x0000000094b00000, 0x0000000094c00000|  0%| F|  |TAMS 0x0000000094b00000| PB 0x0000000094b00000| Untracked 
| 332|0x0000000094c00000, 0x0000000094c00000, 0x0000000094d00000|  0%| F|  |TAMS 0x0000000094c00000| PB 0x0000000094c00000| Untracked 
| 333|0x0000000094d00000, 0x0000000094d00000, 0x0000000094e00000|  0%| F|  |TAMS 0x0000000094d00000| PB 0x0000000094d00000| Untracked 
| 334|0x0000000094e00000, 0x0000000094e00000, 0x0000000094f00000|  0%| F|  |TAMS 0x0000000094e00000| PB 0x0000000094e00000| Untracked 
| 335|0x0000000094f00000, 0x0000000094f00000, 0x0000000095000000|  0%| F|  |TAMS 0x0000000094f00000| PB 0x0000000094f00000| Untracked 
| 336|0x0000000095000000, 0x0000000095000000, 0x0000000095100000|  0%| F|  |TAMS 0x0000000095000000| PB 0x0000000095000000| Untracked 
| 337|0x0000000095100000, 0x0000000095100000, 0x0000000095200000|  0%| F|  |TAMS 0x0000000095100000| PB 0x0000000095100000| Untracked 
| 338|0x0000000095200000, 0x0000000095200000, 0x0000000095300000|  0%| F|  |TAMS 0x0000000095200000| PB 0x0000000095200000| Untracked 
| 339|0x0000000095300000, 0x0000000095300000, 0x0000000095400000|  0%| F|  |TAMS 0x0000000095300000| PB 0x0000000095300000| Untracked 
| 340|0x0000000095400000, 0x0000000095400000, 0x0000000095500000|  0%| F|  |TAMS 0x0000000095400000| PB 0x0000000095400000| Untracked 
| 341|0x0000000095500000, 0x0000000095500000, 0x0000000095600000|  0%| F|  |TAMS 0x0000000095500000| PB 0x0000000095500000| Untracked 
| 342|0x0000000095600000, 0x0000000095600000, 0x0000000095700000|  0%| F|  |TAMS 0x0000000095600000| PB 0x0000000095600000| Untracked 
| 343|0x0000000095700000, 0x0000000095700000, 0x0000000095800000|  0%| F|  |TAMS 0x0000000095700000| PB 0x0000000095700000| Untracked 
| 344|0x0000000095800000, 0x0000000095800000, 0x0000000095900000|  0%| F|  |TAMS 0x0000000095800000| PB 0x0000000095800000| Untracked 
| 345|0x0000000095900000, 0x0000000095900000, 0x0000000095a00000|  0%| F|  |TAMS 0x0000000095900000| PB 0x0000000095900000| Untracked 
| 346|0x0000000095a00000, 0x0000000095a00000, 0x0000000095b00000|  0%| F|  |TAMS 0x0000000095a00000| PB 0x0000000095a00000| Untracked 
| 347|0x0000000095b00000, 0x0000000095b00000, 0x0000000095c00000|  0%| F|  |TAMS 0x0000000095b00000| PB 0x0000000095b00000| Untracked 
| 348|0x0000000095c00000, 0x0000000095c00000, 0x0000000095d00000|  0%| F|  |TAMS 0x0000000095c00000| PB 0x0000000095c00000| Untracked 
| 349|0x0000000095d00000, 0x0000000095d00000, 0x0000000095e00000|  0%| F|  |TAMS 0x0000000095d00000| PB 0x0000000095d00000| Untracked 
| 350|0x0000000095e00000, 0x0000000095e00000, 0x0000000095f00000|  0%| F|  |TAMS 0x0000000095e00000| PB 0x0000000095e00000| Untracked 
| 351|0x0000000095f00000, 0x0000000095f00000, 0x0000000096000000|  0%| F|  |TAMS 0x0000000095f00000| PB 0x0000000095f00000| Untracked 
| 352|0x0000000096000000, 0x0000000096000000, 0x0000000096100000|  0%| F|  |TAMS 0x0000000096000000| PB 0x0000000096000000| Untracked 
| 353|0x0000000096100000, 0x0000000096100000, 0x0000000096200000|  0%| F|  |TAMS 0x0000000096100000| PB 0x0000000096100000| Untracked 
| 354|0x0000000096200000, 0x0000000096200000, 0x0000000096300000|  0%| F|  |TAMS 0x0000000096200000| PB 0x0000000096200000| Untracked 
| 355|0x0000000096300000, 0x0000000096300000, 0x0000000096400000|  0%| F|  |TAMS 0x0000000096300000| PB 0x0000000096300000| Untracked 
| 356|0x0000000096400000, 0x0000000096400000, 0x0000000096500000|  0%| F|  |TAMS 0x0000000096400000| PB 0x0000000096400000| Untracked 
| 357|0x0000000096500000, 0x0000000096500000, 0x0000000096600000|  0%| F|  |TAMS 0x0000000096500000| PB 0x0000000096500000| Untracked 
| 358|0x0000000096600000, 0x0000000096600000, 0x0000000096700000|  0%| F|  |TAMS 0x0000000096600000| PB 0x0000000096600000| Untracked 
| 359|0x0000000096700000, 0x0000000096700000, 0x0000000096800000|  0%| F|  |TAMS 0x0000000096700000| PB 0x0000000096700000| Untracked 
| 360|0x0000000096800000, 0x0000000096800000, 0x0000000096900000|  0%| F|  |TAMS 0x0000000096800000| PB 0x0000000096800000| Untracked 
| 361|0x0000000096900000, 0x0000000096900000, 0x0000000096a00000|  0%| F|  |TAMS 0x0000000096900000| PB 0x0000000096900000| Untracked 
| 362|0x0000000096a00000, 0x0000000096a00000, 0x0000000096b00000|  0%| F|  |TAMS 0x0000000096a00000| PB 0x0000000096a00000| Untracked 
| 363|0x0000000096b00000, 0x0000000096b00000, 0x0000000096c00000|  0%| F|  |TAMS 0x0000000096b00000| PB 0x0000000096b00000| Untracked 
| 364|0x0000000096c00000, 0x0000000096c00000, 0x0000000096d00000|  0%| F|  |TAMS 0x0000000096c00000| PB 0x0000000096c00000| Untracked 
| 365|0x0000000096d00000, 0x0000000096d00000, 0x0000000096e00000|  0%| F|  |TAMS 0x0000000096d00000| PB 0x0000000096d00000| Untracked 
| 366|0x0000000096e00000, 0x0000000096e00000, 0x0000000096f00000|  0%| F|  |TAMS 0x0000000096e00000| PB 0x0000000096e00000| Untracked 
| 367|0x0000000096f00000, 0x0000000096f00000, 0x0000000097000000|  0%| F|  |TAMS 0x0000000096f00000| PB 0x0000000096f00000| Untracked 
| 368|0x0000000097000000, 0x0000000097000000, 0x0000000097100000|  0%| F|  |TAMS 0x0000000097000000| PB 0x0000000097000000| Untracked 
| 369|0x0000000097100000, 0x0000000097100000, 0x0000000097200000|  0%| F|  |TAMS 0x0000000097100000| PB 0x0000000097100000| Untracked 
| 370|0x0000000097200000, 0x0000000097200000, 0x0000000097300000|  0%| F|  |TAMS 0x0000000097200000| PB 0x0000000097200000| Untracked 
| 371|0x0000000097300000, 0x0000000097300000, 0x0000000097400000|  0%| F|  |TAMS 0x0000000097300000| PB 0x0000000097300000| Untracked 
| 372|0x0000000097400000, 0x0000000097400000, 0x0000000097500000|  0%| F|  |TAMS 0x0000000097400000| PB 0x0000000097400000| Untracked 
| 373|0x0000000097500000, 0x0000000097500000, 0x0000000097600000|  0%| F|  |TAMS 0x0000000097500000| PB 0x0000000097500000| Untracked 
| 374|0x0000000097600000, 0x0000000097600000, 0x0000000097700000|  0%| F|  |TAMS 0x0000000097600000| PB 0x0000000097600000| Untracked 
| 375|0x0000000097700000, 0x0000000097700000, 0x0000000097800000|  0%| F|  |TAMS 0x0000000097700000| PB 0x0000000097700000| Untracked 
| 376|0x0000000097800000, 0x0000000097800000, 0x0000000097900000|  0%| F|  |TAMS 0x0000000097800000| PB 0x0000000097800000| Untracked 
| 377|0x0000000097900000, 0x0000000097900000, 0x0000000097a00000|  0%| F|  |TAMS 0x0000000097900000| PB 0x0000000097900000| Untracked 
| 378|0x0000000097a00000, 0x0000000097a00000, 0x0000000097b00000|  0%| F|  |TAMS 0x0000000097a00000| PB 0x0000000097a00000| Untracked 
| 379|0x0000000097b00000, 0x0000000097b00000, 0x0000000097c00000|  0%| F|  |TAMS 0x0000000097b00000| PB 0x0000000097b00000| Untracked 
| 380|0x0000000097c00000, 0x0000000097c00000, 0x0000000097d00000|  0%| F|  |TAMS 0x0000000097c00000| PB 0x0000000097c00000| Untracked 
| 381|0x0000000097d00000, 0x0000000097d00000, 0x0000000097e00000|  0%| F|  |TAMS 0x0000000097d00000| PB 0x0000000097d00000| Untracked 
| 382|0x0000000097e00000, 0x0000000097e00000, 0x0000000097f00000|  0%| F|  |TAMS 0x0000000097e00000| PB 0x0000000097e00000| Untracked 
| 383|0x0000000097f00000, 0x0000000097f00000, 0x0000000098000000|  0%| F|  |TAMS 0x0000000097f00000| PB 0x0000000097f00000| Untracked 
| 384|0x0000000098000000, 0x0000000098000000, 0x0000000098100000|  0%| F|  |TAMS 0x0000000098000000| PB 0x0000000098000000| Untracked 
| 385|0x0000000098100000, 0x0000000098100000, 0x0000000098200000|  0%| F|  |TAMS 0x0000000098100000| PB 0x0000000098100000| Untracked 
| 386|0x0000000098200000, 0x0000000098200000, 0x0000000098300000|  0%| F|  |TAMS 0x0000000098200000| PB 0x0000000098200000| Untracked 
| 387|0x0000000098300000, 0x0000000098300000, 0x0000000098400000|  0%| F|  |TAMS 0x0000000098300000| PB 0x0000000098300000| Untracked 
| 388|0x0000000098400000, 0x0000000098400000, 0x0000000098500000|  0%| F|  |TAMS 0x0000000098400000| PB 0x0000000098400000| Untracked 
| 389|0x0000000098500000, 0x0000000098500000, 0x0000000098600000|  0%| F|  |TAMS 0x0000000098500000| PB 0x0000000098500000| Untracked 
| 390|0x0000000098600000, 0x0000000098600000, 0x0000000098700000|  0%| F|  |TAMS 0x0000000098600000| PB 0x0000000098600000| Untracked 
| 391|0x0000000098700000, 0x0000000098700000, 0x0000000098800000|  0%| F|  |TAMS 0x0000000098700000| PB 0x0000000098700000| Untracked 
| 392|0x0000000098800000, 0x0000000098800000, 0x0000000098900000|  0%| F|  |TAMS 0x0000000098800000| PB 0x0000000098800000| Untracked 
| 393|0x0000000098900000, 0x0000000098900000, 0x0000000098a00000|  0%| F|  |TAMS 0x0000000098900000| PB 0x0000000098900000| Untracked 
| 394|0x0000000098a00000, 0x0000000098a00000, 0x0000000098b00000|  0%| F|  |TAMS 0x0000000098a00000| PB 0x0000000098a00000| Untracked 
| 395|0x0000000098b00000, 0x0000000098b00000, 0x0000000098c00000|  0%| F|  |TAMS 0x0000000098b00000| PB 0x0000000098b00000| Untracked 
| 396|0x0000000098c00000, 0x0000000098c00000, 0x0000000098d00000|  0%| F|  |TAMS 0x0000000098c00000| PB 0x0000000098c00000| Untracked 
| 397|0x0000000098d00000, 0x0000000098d00000, 0x0000000098e00000|  0%| F|  |TAMS 0x0000000098d00000| PB 0x0000000098d00000| Untracked 
| 398|0x0000000098e00000, 0x0000000098e00000, 0x0000000098f00000|  0%| F|  |TAMS 0x0000000098e00000| PB 0x0000000098e00000| Untracked 
| 399|0x0000000098f00000, 0x0000000098f00000, 0x0000000099000000|  0%| F|  |TAMS 0x0000000098f00000| PB 0x0000000098f00000| Untracked 
| 400|0x0000000099000000, 0x0000000099000000, 0x0000000099100000|  0%| F|  |TAMS 0x0000000099000000| PB 0x0000000099000000| Untracked 
| 401|0x0000000099100000, 0x0000000099100000, 0x0000000099200000|  0%| F|  |TAMS 0x0000000099100000| PB 0x0000000099100000| Untracked 
| 402|0x0000000099200000, 0x0000000099200000, 0x0000000099300000|  0%| F|  |TAMS 0x0000000099200000| PB 0x0000000099200000| Untracked 
| 403|0x0000000099300000, 0x0000000099300000, 0x0000000099400000|  0%| F|  |TAMS 0x0000000099300000| PB 0x0000000099300000| Untracked 
| 404|0x0000000099400000, 0x0000000099400000, 0x0000000099500000|  0%| F|  |TAMS 0x0000000099400000| PB 0x0000000099400000| Untracked 
| 405|0x0000000099500000, 0x0000000099500000, 0x0000000099600000|  0%| F|  |TAMS 0x0000000099500000| PB 0x0000000099500000| Untracked 
| 406|0x0000000099600000, 0x0000000099600000, 0x0000000099700000|  0%| F|  |TAMS 0x0000000099600000| PB 0x0000000099600000| Untracked 
| 407|0x0000000099700000, 0x0000000099700000, 0x0000000099800000|  0%| F|  |TAMS 0x0000000099700000| PB 0x0000000099700000| Untracked 
| 408|0x0000000099800000, 0x0000000099800000, 0x0000000099900000|  0%| F|  |TAMS 0x0000000099800000| PB 0x0000000099800000| Untracked 
| 409|0x0000000099900000, 0x0000000099900000, 0x0000000099a00000|  0%| F|  |TAMS 0x0000000099900000| PB 0x0000000099900000| Untracked 
| 410|0x0000000099a00000, 0x0000000099a00000, 0x0000000099b00000|  0%| F|  |TAMS 0x0000000099a00000| PB 0x0000000099a00000| Untracked 
| 411|0x0000000099b00000, 0x0000000099b00000, 0x0000000099c00000|  0%| F|  |TAMS 0x0000000099b00000| PB 0x0000000099b00000| Untracked 
| 412|0x0000000099c00000, 0x0000000099c00000, 0x0000000099d00000|  0%| F|  |TAMS 0x0000000099c00000| PB 0x0000000099c00000| Untracked 
| 413|0x0000000099d00000, 0x0000000099d00000, 0x0000000099e00000|  0%| F|  |TAMS 0x0000000099d00000| PB 0x0000000099d00000| Untracked 
| 414|0x0000000099e00000, 0x0000000099e00000, 0x0000000099f00000|  0%| F|  |TAMS 0x0000000099e00000| PB 0x0000000099e00000| Untracked 
| 415|0x0000000099f00000, 0x0000000099f00000, 0x000000009a000000|  0%| F|  |TAMS 0x0000000099f00000| PB 0x0000000099f00000| Untracked 
| 416|0x000000009a000000, 0x000000009a000000, 0x000000009a100000|  0%| F|  |TAMS 0x000000009a000000| PB 0x000000009a000000| Untracked 
| 417|0x000000009a100000, 0x000000009a100000, 0x000000009a200000|  0%| F|  |TAMS 0x000000009a100000| PB 0x000000009a100000| Untracked 
| 418|0x000000009a200000, 0x000000009a200000, 0x000000009a300000|  0%| F|  |TAMS 0x000000009a200000| PB 0x000000009a200000| Untracked 
| 419|0x000000009a300000, 0x000000009a300000, 0x000000009a400000|  0%| F|  |TAMS 0x000000009a300000| PB 0x000000009a300000| Untracked 
| 420|0x000000009a400000, 0x000000009a400000, 0x000000009a500000|  0%| F|  |TAMS 0x000000009a400000| PB 0x000000009a400000| Untracked 
| 421|0x000000009a500000, 0x000000009a500000, 0x000000009a600000|  0%| F|  |TAMS 0x000000009a500000| PB 0x000000009a500000| Untracked 
| 422|0x000000009a600000, 0x000000009a600000, 0x000000009a700000|  0%| F|  |TAMS 0x000000009a600000| PB 0x000000009a600000| Untracked 
| 423|0x000000009a700000, 0x000000009a700000, 0x000000009a800000|  0%| F|  |TAMS 0x000000009a700000| PB 0x000000009a700000| Untracked 
| 424|0x000000009a800000, 0x000000009a800000, 0x000000009a900000|  0%| F|  |TAMS 0x000000009a800000| PB 0x000000009a800000| Untracked 
| 425|0x000000009a900000, 0x000000009a900000, 0x000000009aa00000|  0%| F|  |TAMS 0x000000009a900000| PB 0x000000009a900000| Untracked 
| 426|0x000000009aa00000, 0x000000009aa00000, 0x000000009ab00000|  0%| F|  |TAMS 0x000000009aa00000| PB 0x000000009aa00000| Untracked 
| 427|0x000000009ab00000, 0x000000009ab00000, 0x000000009ac00000|  0%| F|  |TAMS 0x000000009ab00000| PB 0x000000009ab00000| Untracked 
| 428|0x000000009ac00000, 0x000000009ac00000, 0x000000009ad00000|  0%| F|  |TAMS 0x000000009ac00000| PB 0x000000009ac00000| Untracked 
| 429|0x000000009ad00000, 0x000000009ad00000, 0x000000009ae00000|  0%| F|  |TAMS 0x000000009ad00000| PB 0x000000009ad00000| Untracked 
| 430|0x000000009ae00000, 0x000000009ae00000, 0x000000009af00000|  0%| F|  |TAMS 0x000000009ae00000| PB 0x000000009ae00000| Untracked 
| 431|0x000000009af00000, 0x000000009af00000, 0x000000009b000000|  0%| F|  |TAMS 0x000000009af00000| PB 0x000000009af00000| Untracked 
| 432|0x000000009b000000, 0x000000009b000000, 0x000000009b100000|  0%| F|  |TAMS 0x000000009b000000| PB 0x000000009b000000| Untracked 
| 433|0x000000009b100000, 0x000000009b100000, 0x000000009b200000|  0%| F|  |TAMS 0x000000009b100000| PB 0x000000009b100000| Untracked 
| 434|0x000000009b200000, 0x000000009b200000, 0x000000009b300000|  0%| F|  |TAMS 0x000000009b200000| PB 0x000000009b200000| Untracked 
| 435|0x000000009b300000, 0x000000009b300000, 0x000000009b400000|  0%| F|  |TAMS 0x000000009b300000| PB 0x000000009b300000| Untracked 
| 436|0x000000009b400000, 0x000000009b400000, 0x000000009b500000|  0%| F|  |TAMS 0x000000009b400000| PB 0x000000009b400000| Untracked 
| 437|0x000000009b500000, 0x000000009b500000, 0x000000009b600000|  0%| F|  |TAMS 0x000000009b500000| PB 0x000000009b500000| Untracked 
| 438|0x000000009b600000, 0x000000009b600000, 0x000000009b700000|  0%| F|  |TAMS 0x000000009b600000| PB 0x000000009b600000| Untracked 
| 439|0x000000009b700000, 0x000000009b700000, 0x000000009b800000|  0%| F|  |TAMS 0x000000009b700000| PB 0x000000009b700000| Untracked 
| 440|0x000000009b800000, 0x000000009b800000, 0x000000009b900000|  0%| F|  |TAMS 0x000000009b800000| PB 0x000000009b800000| Untracked 
| 441|0x000000009b900000, 0x000000009b900000, 0x000000009ba00000|  0%| F|  |TAMS 0x000000009b900000| PB 0x000000009b900000| Untracked 
| 442|0x000000009ba00000, 0x000000009ba00000, 0x000000009bb00000|  0%| F|  |TAMS 0x000000009ba00000| PB 0x000000009ba00000| Untracked 
| 443|0x000000009bb00000, 0x000000009bb00000, 0x000000009bc00000|  0%| F|  |TAMS 0x000000009bb00000| PB 0x000000009bb00000| Untracked 
| 444|0x000000009bc00000, 0x000000009bc00000, 0x000000009bd00000|  0%| F|  |TAMS 0x000000009bc00000| PB 0x000000009bc00000| Untracked 
| 445|0x000000009bd00000, 0x000000009bd00000, 0x000000009be00000|  0%| F|  |TAMS 0x000000009bd00000| PB 0x000000009bd00000| Untracked 
| 446|0x000000009be00000, 0x000000009be00000, 0x000000009bf00000|  0%| F|  |TAMS 0x000000009be00000| PB 0x000000009be00000| Untracked 
| 447|0x000000009bf00000, 0x000000009bf00000, 0x000000009c000000|  0%| F|  |TAMS 0x000000009bf00000| PB 0x000000009bf00000| Untracked 
| 448|0x000000009c000000, 0x000000009c000000, 0x000000009c100000|  0%| F|  |TAMS 0x000000009c000000| PB 0x000000009c000000| Untracked 
| 449|0x000000009c100000, 0x000000009c100000, 0x000000009c200000|  0%| F|  |TAMS 0x000000009c100000| PB 0x000000009c100000| Untracked 
| 450|0x000000009c200000, 0x000000009c200000, 0x000000009c300000|  0%| F|  |TAMS 0x000000009c200000| PB 0x000000009c200000| Untracked 
| 451|0x000000009c300000, 0x000000009c300000, 0x000000009c400000|  0%| F|  |TAMS 0x000000009c300000| PB 0x000000009c300000| Untracked 
| 452|0x000000009c400000, 0x000000009c400000, 0x000000009c500000|  0%| F|  |TAMS 0x000000009c400000| PB 0x000000009c400000| Untracked 
| 453|0x000000009c500000, 0x000000009c500000, 0x000000009c600000|  0%| F|  |TAMS 0x000000009c500000| PB 0x000000009c500000| Untracked 
| 454|0x000000009c600000, 0x000000009c600000, 0x000000009c700000|  0%| F|  |TAMS 0x000000009c600000| PB 0x000000009c600000| Untracked 
| 455|0x000000009c700000, 0x000000009c700000, 0x000000009c800000|  0%| F|  |TAMS 0x000000009c700000| PB 0x000000009c700000| Untracked 
| 456|0x000000009c800000, 0x000000009c800000, 0x000000009c900000|  0%| F|  |TAMS 0x000000009c800000| PB 0x000000009c800000| Untracked 
| 457|0x000000009c900000, 0x000000009c900000, 0x000000009ca00000|  0%| F|  |TAMS 0x000000009c900000| PB 0x000000009c900000| Untracked 
| 458|0x000000009ca00000, 0x000000009ca00000, 0x000000009cb00000|  0%| F|  |TAMS 0x000000009ca00000| PB 0x000000009ca00000| Untracked 
| 459|0x000000009cb00000, 0x000000009cb00000, 0x000000009cc00000|  0%| F|  |TAMS 0x000000009cb00000| PB 0x000000009cb00000| Untracked 
| 460|0x000000009cc00000, 0x000000009cc00000, 0x000000009cd00000|  0%| F|  |TAMS 0x000000009cc00000| PB 0x000000009cc00000| Untracked 
| 461|0x000000009cd00000, 0x000000009cd00000, 0x000000009ce00000|  0%| F|  |TAMS 0x000000009cd00000| PB 0x000000009cd00000| Untracked 
| 462|0x000000009ce00000, 0x000000009ce00000, 0x000000009cf00000|  0%| F|  |TAMS 0x000000009ce00000| PB 0x000000009ce00000| Untracked 
| 463|0x000000009cf00000, 0x000000009cf00000, 0x000000009d000000|  0%| F|  |TAMS 0x000000009cf00000| PB 0x000000009cf00000| Untracked 
| 464|0x000000009d000000, 0x000000009d000000, 0x000000009d100000|  0%| F|  |TAMS 0x000000009d000000| PB 0x000000009d000000| Untracked 
| 465|0x000000009d100000, 0x000000009d100000, 0x000000009d200000|  0%| F|  |TAMS 0x000000009d100000| PB 0x000000009d100000| Untracked 
| 466|0x000000009d200000, 0x000000009d200000, 0x000000009d300000|  0%| F|  |TAMS 0x000000009d200000| PB 0x000000009d200000| Untracked 
| 467|0x000000009d300000, 0x000000009d300000, 0x000000009d400000|  0%| F|  |TAMS 0x000000009d300000| PB 0x000000009d300000| Untracked 
| 468|0x000000009d400000, 0x000000009d400000, 0x000000009d500000|  0%| F|  |TAMS 0x000000009d400000| PB 0x000000009d400000| Untracked 
| 469|0x000000009d500000, 0x000000009d500000, 0x000000009d600000|  0%| F|  |TAMS 0x000000009d500000| PB 0x000000009d500000| Untracked 
| 470|0x000000009d600000, 0x000000009d600000, 0x000000009d700000|  0%| F|  |TAMS 0x000000009d600000| PB 0x000000009d600000| Untracked 
| 471|0x000000009d700000, 0x000000009d700000, 0x000000009d800000|  0%| F|  |TAMS 0x000000009d700000| PB 0x000000009d700000| Untracked 
| 472|0x000000009d800000, 0x000000009d800000, 0x000000009d900000|  0%| F|  |TAMS 0x000000009d800000| PB 0x000000009d800000| Untracked 
| 473|0x000000009d900000, 0x000000009d900000, 0x000000009da00000|  0%| F|  |TAMS 0x000000009d900000| PB 0x000000009d900000| Untracked 
| 474|0x000000009da00000, 0x000000009da00000, 0x000000009db00000|  0%| F|  |TAMS 0x000000009da00000| PB 0x000000009da00000| Untracked 
| 475|0x000000009db00000, 0x000000009db00000, 0x000000009dc00000|  0%| F|  |TAMS 0x000000009db00000| PB 0x000000009db00000| Untracked 
| 476|0x000000009dc00000, 0x000000009dc00000, 0x000000009dd00000|  0%| F|  |TAMS 0x000000009dc00000| PB 0x000000009dc00000| Untracked 
| 477|0x000000009dd00000, 0x000000009dd00000, 0x000000009de00000|  0%| F|  |TAMS 0x000000009dd00000| PB 0x000000009dd00000| Untracked 
| 478|0x000000009de00000, 0x000000009de00000, 0x000000009df00000|  0%| F|  |TAMS 0x000000009de00000| PB 0x000000009de00000| Untracked 
| 479|0x000000009df00000, 0x000000009df00000, 0x000000009e000000|  0%| F|  |TAMS 0x000000009df00000| PB 0x000000009df00000| Untracked 
| 480|0x000000009e000000, 0x000000009e000000, 0x000000009e100000|  0%| F|  |TAMS 0x000000009e000000| PB 0x000000009e000000| Untracked 
| 481|0x000000009e100000, 0x000000009e100000, 0x000000009e200000|  0%| F|  |TAMS 0x000000009e100000| PB 0x000000009e100000| Untracked 
| 482|0x000000009e200000, 0x000000009e200000, 0x000000009e300000|  0%| F|  |TAMS 0x000000009e200000| PB 0x000000009e200000| Untracked 
| 483|0x000000009e300000, 0x000000009e300000, 0x000000009e400000|  0%| F|  |TAMS 0x000000009e300000| PB 0x000000009e300000| Untracked 
| 484|0x000000009e400000, 0x000000009e400000, 0x000000009e500000|  0%| F|  |TAMS 0x000000009e400000| PB 0x000000009e400000| Untracked 
| 485|0x000000009e500000, 0x000000009e500000, 0x000000009e600000|  0%| F|  |TAMS 0x000000009e500000| PB 0x000000009e500000| Untracked 
| 486|0x000000009e600000, 0x000000009e600000, 0x000000009e700000|  0%| F|  |TAMS 0x000000009e600000| PB 0x000000009e600000| Untracked 
| 487|0x000000009e700000, 0x000000009e700000, 0x000000009e800000|  0%| F|  |TAMS 0x000000009e700000| PB 0x000000009e700000| Untracked 
| 488|0x000000009e800000, 0x000000009e800000, 0x000000009e900000|  0%| F|  |TAMS 0x000000009e800000| PB 0x000000009e800000| Untracked 
| 489|0x000000009e900000, 0x000000009e900000, 0x000000009ea00000|  0%| F|  |TAMS 0x000000009e900000| PB 0x000000009e900000| Untracked 
| 490|0x000000009ea00000, 0x000000009ea00000, 0x000000009eb00000|  0%| F|  |TAMS 0x000000009ea00000| PB 0x000000009ea00000| Untracked 
| 491|0x000000009eb00000, 0x000000009eb00000, 0x000000009ec00000|  0%| F|  |TAMS 0x000000009eb00000| PB 0x000000009eb00000| Untracked 
| 492|0x000000009ec00000, 0x000000009ec00000, 0x000000009ed00000|  0%| F|  |TAMS 0x000000009ec00000| PB 0x000000009ec00000| Untracked 
| 493|0x000000009ed00000, 0x000000009ed00000, 0x000000009ee00000|  0%| F|  |TAMS 0x000000009ed00000| PB 0x000000009ed00000| Untracked 
| 494|0x000000009ee00000, 0x000000009ee00000, 0x000000009ef00000|  0%| F|  |TAMS 0x000000009ee00000| PB 0x000000009ee00000| Untracked 
| 495|0x000000009ef00000, 0x000000009ef00000, 0x000000009f000000|  0%| F|  |TAMS 0x000000009ef00000| PB 0x000000009ef00000| Untracked 
| 496|0x000000009f000000, 0x000000009f000000, 0x000000009f100000|  0%| F|  |TAMS 0x000000009f000000| PB 0x000000009f000000| Untracked 
| 497|0x000000009f100000, 0x000000009f100000, 0x000000009f200000|  0%| F|  |TAMS 0x000000009f100000| PB 0x000000009f100000| Untracked 
| 498|0x000000009f200000, 0x000000009f200000, 0x000000009f300000|  0%| F|  |TAMS 0x000000009f200000| PB 0x000000009f200000| Untracked 
| 499|0x000000009f300000, 0x000000009f300000, 0x000000009f400000|  0%| F|  |TAMS 0x000000009f300000| PB 0x000000009f300000| Untracked 
| 500|0x000000009f400000, 0x000000009f400000, 0x000000009f500000|  0%| F|  |TAMS 0x000000009f400000| PB 0x000000009f400000| Untracked 
| 501|0x000000009f500000, 0x000000009f500000, 0x000000009f600000|  0%| F|  |TAMS 0x000000009f500000| PB 0x000000009f500000| Untracked 
| 502|0x000000009f600000, 0x000000009f600000, 0x000000009f700000|  0%| F|  |TAMS 0x000000009f600000| PB 0x000000009f600000| Untracked 
| 503|0x000000009f700000, 0x000000009f700000, 0x000000009f800000|  0%| F|  |TAMS 0x000000009f700000| PB 0x000000009f700000| Untracked 
| 504|0x000000009f800000, 0x000000009f800000, 0x000000009f900000|  0%| F|  |TAMS 0x000000009f800000| PB 0x000000009f800000| Untracked 
| 505|0x000000009f900000, 0x000000009f900000, 0x000000009fa00000|  0%| F|  |TAMS 0x000000009f900000| PB 0x000000009f900000| Untracked 
| 506|0x000000009fa00000, 0x000000009fa00000, 0x000000009fb00000|  0%| F|  |TAMS 0x000000009fa00000| PB 0x000000009fa00000| Untracked 
| 507|0x000000009fb00000, 0x000000009fb00000, 0x000000009fc00000|  0%| F|  |TAMS 0x000000009fb00000| PB 0x000000009fb00000| Untracked 
| 508|0x000000009fc00000, 0x000000009fc00000, 0x000000009fd00000|  0%| F|  |TAMS 0x000000009fc00000| PB 0x000000009fc00000| Untracked 
| 509|0x000000009fd00000, 0x000000009fd00000, 0x000000009fe00000|  0%| F|  |TAMS 0x000000009fd00000| PB 0x000000009fd00000| Untracked 
| 510|0x000000009fe00000, 0x000000009fe00000, 0x000000009ff00000|  0%| F|  |TAMS 0x000000009fe00000| PB 0x000000009fe00000| Untracked 
| 511|0x000000009ff00000, 0x000000009ff00000, 0x00000000a0000000|  0%| F|  |TAMS 0x000000009ff00000| PB 0x000000009ff00000| Untracked 
| 512|0x00000000a0000000, 0x00000000a0000000, 0x00000000a0100000|  0%| F|  |TAMS 0x00000000a0000000| PB 0x00000000a0000000| Untracked 
| 513|0x00000000a0100000, 0x00000000a0100000, 0x00000000a0200000|  0%| F|  |TAMS 0x00000000a0100000| PB 0x00000000a0100000| Untracked 
| 514|0x00000000a0200000, 0x00000000a0200000, 0x00000000a0300000|  0%| F|  |TAMS 0x00000000a0200000| PB 0x00000000a0200000| Untracked 
| 515|0x00000000a0300000, 0x00000000a0300000, 0x00000000a0400000|  0%| F|  |TAMS 0x00000000a0300000| PB 0x00000000a0300000| Untracked 
| 516|0x00000000a0400000, 0x00000000a0400000, 0x00000000a0500000|  0%| F|  |TAMS 0x00000000a0400000| PB 0x00000000a0400000| Untracked 
| 517|0x00000000a0500000, 0x00000000a0500000, 0x00000000a0600000|  0%| F|  |TAMS 0x00000000a0500000| PB 0x00000000a0500000| Untracked 
| 518|0x00000000a0600000, 0x00000000a0600000, 0x00000000a0700000|  0%| F|  |TAMS 0x00000000a0600000| PB 0x00000000a0600000| Untracked 
| 519|0x00000000a0700000, 0x00000000a0700000, 0x00000000a0800000|  0%| F|  |TAMS 0x00000000a0700000| PB 0x00000000a0700000| Untracked 
| 520|0x00000000a0800000, 0x00000000a0800000, 0x00000000a0900000|  0%| F|  |TAMS 0x00000000a0800000| PB 0x00000000a0800000| Untracked 
| 521|0x00000000a0900000, 0x00000000a0900000, 0x00000000a0a00000|  0%| F|  |TAMS 0x00000000a0900000| PB 0x00000000a0900000| Untracked 
| 522|0x00000000a0a00000, 0x00000000a0a00000, 0x00000000a0b00000|  0%| F|  |TAMS 0x00000000a0a00000| PB 0x00000000a0a00000| Untracked 
| 523|0x00000000a0b00000, 0x00000000a0b00000, 0x00000000a0c00000|  0%| F|  |TAMS 0x00000000a0b00000| PB 0x00000000a0b00000| Untracked 
| 524|0x00000000a0c00000, 0x00000000a0c00000, 0x00000000a0d00000|  0%| F|  |TAMS 0x00000000a0c00000| PB 0x00000000a0c00000| Untracked 
| 525|0x00000000a0d00000, 0x00000000a0d00000, 0x00000000a0e00000|  0%| F|  |TAMS 0x00000000a0d00000| PB 0x00000000a0d00000| Untracked 
| 526|0x00000000a0e00000, 0x00000000a0e00000, 0x00000000a0f00000|  0%| F|  |TAMS 0x00000000a0e00000| PB 0x00000000a0e00000| Untracked 
| 527|0x00000000a0f00000, 0x00000000a0f00000, 0x00000000a1000000|  0%| F|  |TAMS 0x00000000a0f00000| PB 0x00000000a0f00000| Untracked 
| 528|0x00000000a1000000, 0x00000000a1000000, 0x00000000a1100000|  0%| F|  |TAMS 0x00000000a1000000| PB 0x00000000a1000000| Untracked 
| 529|0x00000000a1100000, 0x00000000a1100000, 0x00000000a1200000|  0%| F|  |TAMS 0x00000000a1100000| PB 0x00000000a1100000| Untracked 
| 530|0x00000000a1200000, 0x00000000a1200000, 0x00000000a1300000|  0%| F|  |TAMS 0x00000000a1200000| PB 0x00000000a1200000| Untracked 
| 531|0x00000000a1300000, 0x00000000a1300000, 0x00000000a1400000|  0%| F|  |TAMS 0x00000000a1300000| PB 0x00000000a1300000| Untracked 
| 532|0x00000000a1400000, 0x00000000a1400000, 0x00000000a1500000|  0%| F|  |TAMS 0x00000000a1400000| PB 0x00000000a1400000| Untracked 
| 533|0x00000000a1500000, 0x00000000a1500000, 0x00000000a1600000|  0%| F|  |TAMS 0x00000000a1500000| PB 0x00000000a1500000| Untracked 
| 534|0x00000000a1600000, 0x00000000a1600000, 0x00000000a1700000|  0%| F|  |TAMS 0x00000000a1600000| PB 0x00000000a1600000| Untracked 
| 535|0x00000000a1700000, 0x00000000a1700000, 0x00000000a1800000|  0%| F|  |TAMS 0x00000000a1700000| PB 0x00000000a1700000| Untracked 
| 536|0x00000000a1800000, 0x00000000a1800000, 0x00000000a1900000|  0%| F|  |TAMS 0x00000000a1800000| PB 0x00000000a1800000| Untracked 
| 537|0x00000000a1900000, 0x00000000a1900000, 0x00000000a1a00000|  0%| F|  |TAMS 0x00000000a1900000| PB 0x00000000a1900000| Untracked 
| 538|0x00000000a1a00000, 0x00000000a1a00000, 0x00000000a1b00000|  0%| F|  |TAMS 0x00000000a1a00000| PB 0x00000000a1a00000| Untracked 
| 539|0x00000000a1b00000, 0x00000000a1b00000, 0x00000000a1c00000|  0%| F|  |TAMS 0x00000000a1b00000| PB 0x00000000a1b00000| Untracked 
| 540|0x00000000a1c00000, 0x00000000a1c00000, 0x00000000a1d00000|  0%| F|  |TAMS 0x00000000a1c00000| PB 0x00000000a1c00000| Untracked 
| 541|0x00000000a1d00000, 0x00000000a1d00000, 0x00000000a1e00000|  0%| F|  |TAMS 0x00000000a1d00000| PB 0x00000000a1d00000| Untracked 
| 542|0x00000000a1e00000, 0x00000000a1e00000, 0x00000000a1f00000|  0%| F|  |TAMS 0x00000000a1e00000| PB 0x00000000a1e00000| Untracked 
| 543|0x00000000a1f00000, 0x00000000a1f00000, 0x00000000a2000000|  0%| F|  |TAMS 0x00000000a1f00000| PB 0x00000000a1f00000| Untracked 
| 544|0x00000000a2000000, 0x00000000a2000000, 0x00000000a2100000|  0%| F|  |TAMS 0x00000000a2000000| PB 0x00000000a2000000| Untracked 
| 545|0x00000000a2100000, 0x00000000a2100000, 0x00000000a2200000|  0%| F|  |TAMS 0x00000000a2100000| PB 0x00000000a2100000| Untracked 
| 546|0x00000000a2200000, 0x00000000a2200000, 0x00000000a2300000|  0%| F|  |TAMS 0x00000000a2200000| PB 0x00000000a2200000| Untracked 
| 547|0x00000000a2300000, 0x00000000a2300000, 0x00000000a2400000|  0%| F|  |TAMS 0x00000000a2300000| PB 0x00000000a2300000| Untracked 
| 548|0x00000000a2400000, 0x00000000a2400000, 0x00000000a2500000|  0%| F|  |TAMS 0x00000000a2400000| PB 0x00000000a2400000| Untracked 
| 549|0x00000000a2500000, 0x00000000a2500000, 0x00000000a2600000|  0%| F|  |TAMS 0x00000000a2500000| PB 0x00000000a2500000| Untracked 
| 550|0x00000000a2600000, 0x00000000a2600000, 0x00000000a2700000|  0%| F|  |TAMS 0x00000000a2600000| PB 0x00000000a2600000| Untracked 
| 551|0x00000000a2700000, 0x00000000a2700000, 0x00000000a2800000|  0%| F|  |TAMS 0x00000000a2700000| PB 0x00000000a2700000| Untracked 
| 552|0x00000000a2800000, 0x00000000a2800000, 0x00000000a2900000|  0%| F|  |TAMS 0x00000000a2800000| PB 0x00000000a2800000| Untracked 
| 553|0x00000000a2900000, 0x00000000a2900000, 0x00000000a2a00000|  0%| F|  |TAMS 0x00000000a2900000| PB 0x00000000a2900000| Untracked 
| 554|0x00000000a2a00000, 0x00000000a2a00000, 0x00000000a2b00000|  0%| F|  |TAMS 0x00000000a2a00000| PB 0x00000000a2a00000| Untracked 
| 555|0x00000000a2b00000, 0x00000000a2b00000, 0x00000000a2c00000|  0%| F|  |TAMS 0x00000000a2b00000| PB 0x00000000a2b00000| Untracked 
| 556|0x00000000a2c00000, 0x00000000a2c00000, 0x00000000a2d00000|  0%| F|  |TAMS 0x00000000a2c00000| PB 0x00000000a2c00000| Untracked 
| 557|0x00000000a2d00000, 0x00000000a2d00000, 0x00000000a2e00000|  0%| F|  |TAMS 0x00000000a2d00000| PB 0x00000000a2d00000| Untracked 
| 558|0x00000000a2e00000, 0x00000000a2e00000, 0x00000000a2f00000|  0%| F|  |TAMS 0x00000000a2e00000| PB 0x00000000a2e00000| Untracked 
| 559|0x00000000a2f00000, 0x00000000a2f00000, 0x00000000a3000000|  0%| F|  |TAMS 0x00000000a2f00000| PB 0x00000000a2f00000| Untracked 
| 560|0x00000000a3000000, 0x00000000a3000000, 0x00000000a3100000|  0%| F|  |TAMS 0x00000000a3000000| PB 0x00000000a3000000| Untracked 
| 561|0x00000000a3100000, 0x00000000a3100000, 0x00000000a3200000|  0%| F|  |TAMS 0x00000000a3100000| PB 0x00000000a3100000| Untracked 
| 562|0x00000000a3200000, 0x00000000a3200000, 0x00000000a3300000|  0%| F|  |TAMS 0x00000000a3200000| PB 0x00000000a3200000| Untracked 
| 563|0x00000000a3300000, 0x00000000a3300000, 0x00000000a3400000|  0%| F|  |TAMS 0x00000000a3300000| PB 0x00000000a3300000| Untracked 
| 564|0x00000000a3400000, 0x00000000a3400000, 0x00000000a3500000|  0%| F|  |TAMS 0x00000000a3400000| PB 0x00000000a3400000| Untracked 
| 565|0x00000000a3500000, 0x00000000a3500000, 0x00000000a3600000|  0%| F|  |TAMS 0x00000000a3500000| PB 0x00000000a3500000| Untracked 
| 566|0x00000000a3600000, 0x00000000a3600000, 0x00000000a3700000|  0%| F|  |TAMS 0x00000000a3600000| PB 0x00000000a3600000| Untracked 
| 567|0x00000000a3700000, 0x00000000a3700000, 0x00000000a3800000|  0%| F|  |TAMS 0x00000000a3700000| PB 0x00000000a3700000| Untracked 
| 568|0x00000000a3800000, 0x00000000a3800000, 0x00000000a3900000|  0%| F|  |TAMS 0x00000000a3800000| PB 0x00000000a3800000| Untracked 
| 569|0x00000000a3900000, 0x00000000a3900000, 0x00000000a3a00000|  0%| F|  |TAMS 0x00000000a3900000| PB 0x00000000a3900000| Untracked 
| 570|0x00000000a3a00000, 0x00000000a3a00000, 0x00000000a3b00000|  0%| F|  |TAMS 0x00000000a3a00000| PB 0x00000000a3a00000| Untracked 
| 571|0x00000000a3b00000, 0x00000000a3b00000, 0x00000000a3c00000|  0%| F|  |TAMS 0x00000000a3b00000| PB 0x00000000a3b00000| Untracked 
| 572|0x00000000a3c00000, 0x00000000a3c00000, 0x00000000a3d00000|  0%| F|  |TAMS 0x00000000a3c00000| PB 0x00000000a3c00000| Untracked 
| 573|0x00000000a3d00000, 0x00000000a3d00000, 0x00000000a3e00000|  0%| F|  |TAMS 0x00000000a3d00000| PB 0x00000000a3d00000| Untracked 
| 574|0x00000000a3e00000, 0x00000000a3e00000, 0x00000000a3f00000|  0%| F|  |TAMS 0x00000000a3e00000| PB 0x00000000a3e00000| Untracked 
| 575|0x00000000a3f00000, 0x00000000a3f00000, 0x00000000a4000000|  0%| F|  |TAMS 0x00000000a3f00000| PB 0x00000000a3f00000| Untracked 
| 576|0x00000000a4000000, 0x00000000a4000000, 0x00000000a4100000|  0%| F|  |TAMS 0x00000000a4000000| PB 0x00000000a4000000| Untracked 
| 577|0x00000000a4100000, 0x00000000a4100000, 0x00000000a4200000|  0%| F|  |TAMS 0x00000000a4100000| PB 0x00000000a4100000| Untracked 
| 578|0x00000000a4200000, 0x00000000a4200000, 0x00000000a4300000|  0%| F|  |TAMS 0x00000000a4200000| PB 0x00000000a4200000| Untracked 
| 579|0x00000000a4300000, 0x00000000a4300000, 0x00000000a4400000|  0%| F|  |TAMS 0x00000000a4300000| PB 0x00000000a4300000| Untracked 
| 580|0x00000000a4400000, 0x00000000a4400000, 0x00000000a4500000|  0%| F|  |TAMS 0x00000000a4400000| PB 0x00000000a4400000| Untracked 
| 581|0x00000000a4500000, 0x00000000a4500000, 0x00000000a4600000|  0%| F|  |TAMS 0x00000000a4500000| PB 0x00000000a4500000| Untracked 
| 582|0x00000000a4600000, 0x00000000a4600000, 0x00000000a4700000|  0%| F|  |TAMS 0x00000000a4600000| PB 0x00000000a4600000| Untracked 
| 583|0x00000000a4700000, 0x00000000a4700000, 0x00000000a4800000|  0%| F|  |TAMS 0x00000000a4700000| PB 0x00000000a4700000| Untracked 
| 584|0x00000000a4800000, 0x00000000a4800000, 0x00000000a4900000|  0%| F|  |TAMS 0x00000000a4800000| PB 0x00000000a4800000| Untracked 
| 585|0x00000000a4900000, 0x00000000a4900000, 0x00000000a4a00000|  0%| F|  |TAMS 0x00000000a4900000| PB 0x00000000a4900000| Untracked 
| 586|0x00000000a4a00000, 0x00000000a4a00000, 0x00000000a4b00000|  0%| F|  |TAMS 0x00000000a4a00000| PB 0x00000000a4a00000| Untracked 
| 587|0x00000000a4b00000, 0x00000000a4b00000, 0x00000000a4c00000|  0%| F|  |TAMS 0x00000000a4b00000| PB 0x00000000a4b00000| Untracked 
| 588|0x00000000a4c00000, 0x00000000a4c00000, 0x00000000a4d00000|  0%| F|  |TAMS 0x00000000a4c00000| PB 0x00000000a4c00000| Untracked 
| 589|0x00000000a4d00000, 0x00000000a4d00000, 0x00000000a4e00000|  0%| F|  |TAMS 0x00000000a4d00000| PB 0x00000000a4d00000| Untracked 
| 590|0x00000000a4e00000, 0x00000000a4e00000, 0x00000000a4f00000|  0%| F|  |TAMS 0x00000000a4e00000| PB 0x00000000a4e00000| Untracked 
| 591|0x00000000a4f00000, 0x00000000a4f00000, 0x00000000a5000000|  0%| F|  |TAMS 0x00000000a4f00000| PB 0x00000000a4f00000| Untracked 
| 592|0x00000000a5000000, 0x00000000a5000000, 0x00000000a5100000|  0%| F|  |TAMS 0x00000000a5000000| PB 0x00000000a5000000| Untracked 
| 593|0x00000000a5100000, 0x00000000a5100000, 0x00000000a5200000|  0%| F|  |TAMS 0x00000000a5100000| PB 0x00000000a5100000| Untracked 
| 594|0x00000000a5200000, 0x00000000a5200000, 0x00000000a5300000|  0%| F|  |TAMS 0x00000000a5200000| PB 0x00000000a5200000| Untracked 
| 595|0x00000000a5300000, 0x00000000a5300000, 0x00000000a5400000|  0%| F|  |TAMS 0x00000000a5300000| PB 0x00000000a5300000| Untracked 
| 596|0x00000000a5400000, 0x00000000a5400000, 0x00000000a5500000|  0%| F|  |TAMS 0x00000000a5400000| PB 0x00000000a5400000| Untracked 
| 597|0x00000000a5500000, 0x00000000a5500000, 0x00000000a5600000|  0%| F|  |TAMS 0x00000000a5500000| PB 0x00000000a5500000| Untracked 
| 598|0x00000000a5600000, 0x00000000a5600000, 0x00000000a5700000|  0%| F|  |TAMS 0x00000000a5600000| PB 0x00000000a5600000| Untracked 
| 599|0x00000000a5700000, 0x00000000a5700000, 0x00000000a5800000|  0%| F|  |TAMS 0x00000000a5700000| PB 0x00000000a5700000| Untracked 
| 600|0x00000000a5800000, 0x00000000a5800000, 0x00000000a5900000|  0%| F|  |TAMS 0x00000000a5800000| PB 0x00000000a5800000| Untracked 
| 601|0x00000000a5900000, 0x00000000a5900000, 0x00000000a5a00000|  0%| F|  |TAMS 0x00000000a5900000| PB 0x00000000a5900000| Untracked 
| 602|0x00000000a5a00000, 0x00000000a5a00000, 0x00000000a5b00000|  0%| F|  |TAMS 0x00000000a5a00000| PB 0x00000000a5a00000| Untracked 
| 603|0x00000000a5b00000, 0x00000000a5b00000, 0x00000000a5c00000|  0%| F|  |TAMS 0x00000000a5b00000| PB 0x00000000a5b00000| Untracked 
| 604|0x00000000a5c00000, 0x00000000a5c00000, 0x00000000a5d00000|  0%| F|  |TAMS 0x00000000a5c00000| PB 0x00000000a5c00000| Untracked 
| 605|0x00000000a5d00000, 0x00000000a5d00000, 0x00000000a5e00000|  0%| F|  |TAMS 0x00000000a5d00000| PB 0x00000000a5d00000| Untracked 
| 606|0x00000000a5e00000, 0x00000000a5e00000, 0x00000000a5f00000|  0%| F|  |TAMS 0x00000000a5e00000| PB 0x00000000a5e00000| Untracked 
| 607|0x00000000a5f00000, 0x00000000a5f00000, 0x00000000a6000000|  0%| F|  |TAMS 0x00000000a5f00000| PB 0x00000000a5f00000| Untracked 
| 608|0x00000000a6000000, 0x00000000a6000000, 0x00000000a6100000|  0%| F|  |TAMS 0x00000000a6000000| PB 0x00000000a6000000| Untracked 
| 609|0x00000000a6100000, 0x00000000a6100000, 0x00000000a6200000|  0%| F|  |TAMS 0x00000000a6100000| PB 0x00000000a6100000| Untracked 
| 610|0x00000000a6200000, 0x00000000a6200000, 0x00000000a6300000|  0%| F|  |TAMS 0x00000000a6200000| PB 0x00000000a6200000| Untracked 
| 611|0x00000000a6300000, 0x00000000a6300000, 0x00000000a6400000|  0%| F|  |TAMS 0x00000000a6300000| PB 0x00000000a6300000| Untracked 
| 612|0x00000000a6400000, 0x00000000a6400000, 0x00000000a6500000|  0%| F|  |TAMS 0x00000000a6400000| PB 0x00000000a6400000| Untracked 
| 613|0x00000000a6500000, 0x00000000a6500000, 0x00000000a6600000|  0%| F|  |TAMS 0x00000000a6500000| PB 0x00000000a6500000| Untracked 
| 614|0x00000000a6600000, 0x00000000a6600000, 0x00000000a6700000|  0%| F|  |TAMS 0x00000000a6600000| PB 0x00000000a6600000| Untracked 
| 615|0x00000000a6700000, 0x00000000a6700000, 0x00000000a6800000|  0%| F|  |TAMS 0x00000000a6700000| PB 0x00000000a6700000| Untracked 
| 616|0x00000000a6800000, 0x00000000a6800000, 0x00000000a6900000|  0%| F|  |TAMS 0x00000000a6800000| PB 0x00000000a6800000| Untracked 
| 617|0x00000000a6900000, 0x00000000a6900000, 0x00000000a6a00000|  0%| F|  |TAMS 0x00000000a6900000| PB 0x00000000a6900000| Untracked 
| 618|0x00000000a6a00000, 0x00000000a6a00000, 0x00000000a6b00000|  0%| F|  |TAMS 0x00000000a6a00000| PB 0x00000000a6a00000| Untracked 
| 619|0x00000000a6b00000, 0x00000000a6b00000, 0x00000000a6c00000|  0%| F|  |TAMS 0x00000000a6b00000| PB 0x00000000a6b00000| Untracked 
| 620|0x00000000a6c00000, 0x00000000a6c00000, 0x00000000a6d00000|  0%| F|  |TAMS 0x00000000a6c00000| PB 0x00000000a6c00000| Untracked 
| 621|0x00000000a6d00000, 0x00000000a6d00000, 0x00000000a6e00000|  0%| F|  |TAMS 0x00000000a6d00000| PB 0x00000000a6d00000| Untracked 
| 622|0x00000000a6e00000, 0x00000000a6e00000, 0x00000000a6f00000|  0%| F|  |TAMS 0x00000000a6e00000| PB 0x00000000a6e00000| Untracked 
| 623|0x00000000a6f00000, 0x00000000a6f00000, 0x00000000a7000000|  0%| F|  |TAMS 0x00000000a6f00000| PB 0x00000000a6f00000| Untracked 
| 624|0x00000000a7000000, 0x00000000a7000000, 0x00000000a7100000|  0%| F|  |TAMS 0x00000000a7000000| PB 0x00000000a7000000| Untracked 
| 625|0x00000000a7100000, 0x00000000a7100000, 0x00000000a7200000|  0%| F|  |TAMS 0x00000000a7100000| PB 0x00000000a7100000| Untracked 
| 626|0x00000000a7200000, 0x00000000a7200000, 0x00000000a7300000|  0%| F|  |TAMS 0x00000000a7200000| PB 0x00000000a7200000| Untracked 
| 627|0x00000000a7300000, 0x00000000a7300000, 0x00000000a7400000|  0%| F|  |TAMS 0x00000000a7300000| PB 0x00000000a7300000| Untracked 
| 628|0x00000000a7400000, 0x00000000a7400000, 0x00000000a7500000|  0%| F|  |TAMS 0x00000000a7400000| PB 0x00000000a7400000| Untracked 
| 629|0x00000000a7500000, 0x00000000a7500000, 0x00000000a7600000|  0%| F|  |TAMS 0x00000000a7500000| PB 0x00000000a7500000| Untracked 
| 630|0x00000000a7600000, 0x00000000a7600000, 0x00000000a7700000|  0%| F|  |TAMS 0x00000000a7600000| PB 0x00000000a7600000| Untracked 
| 631|0x00000000a7700000, 0x00000000a7700000, 0x00000000a7800000|  0%| F|  |TAMS 0x00000000a7700000| PB 0x00000000a7700000| Untracked 
| 632|0x00000000a7800000, 0x00000000a7900000, 0x00000000a7900000|100%| S|CS|TAMS 0x00000000a7800000| PB 0x00000000a7800000| Complete 
| 633|0x00000000a7900000, 0x00000000a7a00000, 0x00000000a7a00000|100%| S|CS|TAMS 0x00000000a7900000| PB 0x00000000a7900000| Complete 
| 634|0x00000000a7a00000, 0x00000000a7b00000, 0x00000000a7b00000|100%| S|CS|TAMS 0x00000000a7a00000| PB 0x00000000a7a00000| Complete 
| 635|0x00000000a7b00000, 0x00000000a7c00000, 0x00000000a7c00000|100%| S|CS|TAMS 0x00000000a7b00000| PB 0x00000000a7b00000| Complete 
| 636|0x00000000a7c00000, 0x00000000a7d00000, 0x00000000a7d00000|100%| S|CS|TAMS 0x00000000a7c00000| PB 0x00000000a7c00000| Complete 
| 637|0x00000000a7d00000, 0x00000000a7e00000, 0x00000000a7e00000|100%| S|CS|TAMS 0x00000000a7d00000| PB 0x00000000a7d00000| Complete 
| 638|0x00000000a7e00000, 0x00000000a7f00000, 0x00000000a7f00000|100%| S|CS|TAMS 0x00000000a7e00000| PB 0x00000000a7e00000| Complete 
| 639|0x00000000a7f00000, 0x00000000a8000000, 0x00000000a8000000|100%| S|CS|TAMS 0x00000000a7f00000| PB 0x00000000a7f00000| Complete 
|1962|0x00000000faa00000, 0x00000000fab00000, 0x00000000fab00000|100%| O|  |TAMS 0x00000000faa00000| PB 0x00000000faa00000| Untracked 
|1963|0x00000000fab00000, 0x00000000fac00000, 0x00000000fac00000|100%| O|  |TAMS 0x00000000fab00000| PB 0x00000000fab00000| Untracked 
|1964|0x00000000fac00000, 0x00000000fad00000, 0x00000000fad00000|100%| O|  |TAMS 0x00000000fac00000| PB 0x00000000fac00000| Untracked 
|1965|0x00000000fad00000, 0x00000000fae00000, 0x00000000fae00000|100%| O|  |TAMS 0x00000000fad00000| PB 0x00000000fad00000| Untracked 
|1966|0x00000000fae00000, 0x00000000faf00000, 0x00000000faf00000|100%| O|  |TAMS 0x00000000fae00000| PB 0x00000000fae00000| Untracked 
|1967|0x00000000faf00000, 0x00000000fb000000, 0x00000000fb000000|100%| O|  |TAMS 0x00000000faf00000| PB 0x00000000faf00000| Untracked 
|1968|0x00000000fb000000, 0x00000000fb100000, 0x00000000fb100000|100%| O|  |TAMS 0x00000000fb000000| PB 0x00000000fb000000| Untracked 
|1969|0x00000000fb100000, 0x00000000fb200000, 0x00000000fb200000|100%| O|  |TAMS 0x00000000fb100000| PB 0x00000000fb100000| Untracked 
|1970|0x00000000fb200000, 0x00000000fb300000, 0x00000000fb300000|100%| O|  |TAMS 0x00000000fb200000| PB 0x00000000fb200000| Untracked 
|1971|0x00000000fb300000, 0x00000000fb400000, 0x00000000fb400000|100%| O|  |TAMS 0x00000000fb300000| PB 0x00000000fb300000| Untracked 
|1972|0x00000000fb400000, 0x00000000fb500000, 0x00000000fb500000|100%| O|  |TAMS 0x00000000fb400000| PB 0x00000000fb400000| Untracked 
|1973|0x00000000fb500000, 0x00000000fb600000, 0x00000000fb600000|100%| O|  |TAMS 0x00000000fb500000| PB 0x00000000fb500000| Untracked 
|1974|0x00000000fb600000, 0x00000000fb700000, 0x00000000fb700000|100%| O|  |TAMS 0x00000000fb600000| PB 0x00000000fb600000| Untracked 
|1975|0x00000000fb700000, 0x00000000fb800000, 0x00000000fb800000|100%| O|  |TAMS 0x00000000fb700000| PB 0x00000000fb700000| Untracked 
|1976|0x00000000fb800000, 0x00000000fb900000, 0x00000000fb900000|100%| O|  |TAMS 0x00000000fb800000| PB 0x00000000fb800000| Untracked 
|1977|0x00000000fb900000, 0x00000000fba00000, 0x00000000fba00000|100%| O|  |TAMS 0x00000000fb900000| PB 0x00000000fb900000| Untracked 
|1978|0x00000000fba00000, 0x00000000fbb00000, 0x00000000fbb00000|100%| O|  |TAMS 0x00000000fba00000| PB 0x00000000fba00000| Untracked 
|1979|0x00000000fbb00000, 0x00000000fbc00000, 0x00000000fbc00000|100%| O|  |TAMS 0x00000000fbb00000| PB 0x00000000fbb00000| Untracked 
|1980|0x00000000fbc00000, 0x00000000fbd00000, 0x00000000fbd00000|100%| O|  |TAMS 0x00000000fbc00000| PB 0x00000000fbc00000| Untracked 
|1981|0x00000000fbd00000, 0x00000000fbe00000, 0x00000000fbe00000|100%| O|  |TAMS 0x00000000fbd00000| PB 0x00000000fbd00000| Untracked 
|1982|0x00000000fbe00000, 0x00000000fbf00000, 0x00000000fbf00000|100%| O|  |TAMS 0x00000000fbe00000| PB 0x00000000fbe00000| Untracked 
|1983|0x00000000fbf00000, 0x00000000fc000000, 0x00000000fc000000|100%| O|  |TAMS 0x00000000fbf00000| PB 0x00000000fbf00000| Untracked 
|1984|0x00000000fc000000, 0x00000000fc100000, 0x00000000fc100000|100%| O|  |TAMS 0x00000000fc000000| PB 0x00000000fc000000| Untracked 
|1985|0x00000000fc100000, 0x00000000fc200000, 0x00000000fc200000|100%| O|  |TAMS 0x00000000fc100000| PB 0x00000000fc100000| Untracked 
|1986|0x00000000fc200000, 0x00000000fc300000, 0x00000000fc300000|100%| O|  |TAMS 0x00000000fc200000| PB 0x00000000fc200000| Untracked 
|1987|0x00000000fc300000, 0x00000000fc400000, 0x00000000fc400000|100%| O|  |TAMS 0x00000000fc300000| PB 0x00000000fc300000| Untracked 
|1988|0x00000000fc400000, 0x00000000fc500000, 0x00000000fc500000|100%| O|  |TAMS 0x00000000fc400000| PB 0x00000000fc400000| Untracked 
|1989|0x00000000fc500000, 0x00000000fc600000, 0x00000000fc600000|100%| O|  |TAMS 0x00000000fc500000| PB 0x00000000fc500000| Untracked 
|1990|0x00000000fc600000, 0x00000000fc700000, 0x00000000fc700000|100%| O|  |TAMS 0x00000000fc600000| PB 0x00000000fc600000| Untracked 
|1991|0x00000000fc700000, 0x00000000fc800000, 0x00000000fc800000|100%| O|  |TAMS 0x00000000fc700000| PB 0x00000000fc700000| Untracked 
|1992|0x00000000fc800000, 0x00000000fc900000, 0x00000000fc900000|100%| O|  |TAMS 0x00000000fc800000| PB 0x00000000fc800000| Untracked 
|1993|0x00000000fc900000, 0x00000000fca00000, 0x00000000fca00000|100%| O|  |TAMS 0x00000000fc900000| PB 0x00000000fc900000| Untracked 
|1994|0x00000000fca00000, 0x00000000fcb00000, 0x00000000fcb00000|100%| O|  |TAMS 0x00000000fca00000| PB 0x00000000fca00000| Untracked 
|1995|0x00000000fcb00000, 0x00000000fcc00000, 0x00000000fcc00000|100%| O|  |TAMS 0x00000000fcb00000| PB 0x00000000fcb00000| Untracked 
|1996|0x00000000fcc00000, 0x00000000fcd00000, 0x00000000fcd00000|100%| O|  |TAMS 0x00000000fcc00000| PB 0x00000000fcc00000| Untracked 
|1997|0x00000000fcd00000, 0x00000000fce00000, 0x00000000fce00000|100%| O|  |TAMS 0x00000000fcd00000| PB 0x00000000fcd00000| Untracked 
|1998|0x00000000fce00000, 0x00000000fcf00000, 0x00000000fcf00000|100%| O|  |TAMS 0x00000000fce00000| PB 0x00000000fce00000| Untracked 
|1999|0x00000000fcf00000, 0x00000000fd000000, 0x00000000fd000000|100%| O|  |TAMS 0x00000000fcf00000| PB 0x00000000fcf00000| Untracked 
|2000|0x00000000fd000000, 0x00000000fd100000, 0x00000000fd100000|100%| O|  |TAMS 0x00000000fd000000| PB 0x00000000fd000000| Untracked 
|2001|0x00000000fd100000, 0x00000000fd200000, 0x00000000fd200000|100%| O|  |TAMS 0x00000000fd100000| PB 0x00000000fd100000| Untracked 
|2002|0x00000000fd200000, 0x00000000fd300000, 0x00000000fd300000|100%| O|  |TAMS 0x00000000fd200000| PB 0x00000000fd200000| Untracked 
|2003|0x00000000fd300000, 0x00000000fd400000, 0x00000000fd400000|100%| O|  |TAMS 0x00000000fd300000| PB 0x00000000fd300000| Untracked 
|2004|0x00000000fd400000, 0x00000000fd500000, 0x00000000fd500000|100%| O|  |TAMS 0x00000000fd400000| PB 0x00000000fd400000| Untracked 
|2005|0x00000000fd500000, 0x00000000fd600000, 0x00000000fd600000|100%| O|  |TAMS 0x00000000fd500000| PB 0x00000000fd500000| Untracked 
|2006|0x00000000fd600000, 0x00000000fd700000, 0x00000000fd700000|100%| O|  |TAMS 0x00000000fd600000| PB 0x00000000fd600000| Untracked 
|2007|0x00000000fd700000, 0x00000000fd800000, 0x00000000fd800000|100%| O|  |TAMS 0x00000000fd700000| PB 0x00000000fd700000| Untracked 
|2008|0x00000000fd800000, 0x00000000fd900000, 0x00000000fd900000|100%| O|  |TAMS 0x00000000fd800000| PB 0x00000000fd800000| Untracked 
|2009|0x00000000fd900000, 0x00000000fda00000, 0x00000000fda00000|100%| O|  |TAMS 0x00000000fd900000| PB 0x00000000fd900000| Untracked 
|2010|0x00000000fda00000, 0x00000000fdb00000, 0x00000000fdb00000|100%| O|  |TAMS 0x00000000fda00000| PB 0x00000000fda00000| Untracked 
|2011|0x00000000fdb00000, 0x00000000fdc00000, 0x00000000fdc00000|100%| O|  |TAMS 0x00000000fdb00000| PB 0x00000000fdb00000| Untracked 
|2012|0x00000000fdc00000, 0x00000000fdd00000, 0x00000000fdd00000|100%| O|  |TAMS 0x00000000fdc00000| PB 0x00000000fdc00000| Untracked 
|2013|0x00000000fdd00000, 0x00000000fde00000, 0x00000000fde00000|100%| O|  |TAMS 0x00000000fdd00000| PB 0x00000000fdd00000| Untracked 
|2014|0x00000000fde00000, 0x00000000fdf00000, 0x00000000fdf00000|100%| O|  |TAMS 0x00000000fde00000| PB 0x00000000fde00000| Untracked 
|2015|0x00000000fdf00000, 0x00000000fe000000, 0x00000000fe000000|100%| O|  |TAMS 0x00000000fdf00000| PB 0x00000000fdf00000| Untracked 
|2016|0x00000000fe000000, 0x00000000fe100000, 0x00000000fe100000|100%| O|  |TAMS 0x00000000fe000000| PB 0x00000000fe000000| Untracked 
|2017|0x00000000fe100000, 0x00000000fe200000, 0x00000000fe200000|100%| O|  |TAMS 0x00000000fe100000| PB 0x00000000fe100000| Untracked 
|2018|0x00000000fe200000, 0x00000000fe300000, 0x00000000fe300000|100%| O|  |TAMS 0x00000000fe200000| PB 0x00000000fe200000| Untracked 
|2019|0x00000000fe300000, 0x00000000fe400000, 0x00000000fe400000|100%| O|  |TAMS 0x00000000fe300000| PB 0x00000000fe300000| Untracked 
|2020|0x00000000fe400000, 0x00000000fe400000, 0x00000000fe500000|  0%| F|  |TAMS 0x00000000fe400000| PB 0x00000000fe400000| Untracked 
|2021|0x00000000fe500000, 0x00000000fe500000, 0x00000000fe600000|  0%| F|  |TAMS 0x00000000fe500000| PB 0x00000000fe500000| Untracked 
|2022|0x00000000fe600000, 0x00000000fe600000, 0x00000000fe700000|  0%| F|  |TAMS 0x00000000fe600000| PB 0x00000000fe600000| Untracked 
|2023|0x00000000fe700000, 0x00000000fe700000, 0x00000000fe800000|  0%| F|  |TAMS 0x00000000fe700000| PB 0x00000000fe700000| Untracked 
|2024|0x00000000fe800000, 0x00000000fe800000, 0x00000000fe900000|  0%| F|  |TAMS 0x00000000fe800000| PB 0x00000000fe800000| Untracked 
|2025|0x00000000fe900000, 0x00000000fe900000, 0x00000000fea00000|  0%| F|  |TAMS 0x00000000fe900000| PB 0x00000000fe900000| Untracked 
|2026|0x00000000fea00000, 0x00000000fea00000, 0x00000000feb00000|  0%| F|  |TAMS 0x00000000fea00000| PB 0x00000000fea00000| Untracked 
|2027|0x00000000feb00000, 0x00000000feb00000, 0x00000000fec00000|  0%| F|  |TAMS 0x00000000feb00000| PB 0x00000000feb00000| Untracked 
|2028|0x00000000fec00000, 0x00000000fec00000, 0x00000000fed00000|  0%| F|  |TAMS 0x00000000fec00000| PB 0x00000000fec00000| Untracked 
|2029|0x00000000fed00000, 0x00000000fee00000, 0x00000000fee00000|100%| E|  |TAMS 0x00000000fed00000| PB 0x00000000fed00000| Complete 
|2030|0x00000000fee00000, 0x00000000fef00000, 0x00000000fef00000|100%| E|CS|TAMS 0x00000000fee00000| PB 0x00000000fee00000| Complete 
|2031|0x00000000fef00000, 0x00000000ff000000, 0x00000000ff000000|100%| E|CS|TAMS 0x00000000fef00000| PB 0x00000000fef00000| Complete 
|2032|0x00000000ff000000, 0x00000000ff100000, 0x00000000ff100000|100%| E|CS|TAMS 0x00000000ff000000| PB 0x00000000ff000000| Complete 
|2033|0x00000000ff100000, 0x00000000ff200000, 0x00000000ff200000|100%| E|CS|TAMS 0x00000000ff100000| PB 0x00000000ff100000| Complete 
|2034|0x00000000ff200000, 0x00000000ff300000, 0x00000000ff300000|100%| E|CS|TAMS 0x00000000ff200000| PB 0x00000000ff200000| Complete 
|2035|0x00000000ff300000, 0x00000000ff400000, 0x00000000ff400000|100%| E|CS|TAMS 0x00000000ff300000| PB 0x00000000ff300000| Complete 
|2036|0x00000000ff400000, 0x00000000ff500000, 0x00000000ff500000|100%| E|CS|TAMS 0x00000000ff400000| PB 0x00000000ff400000| Complete 
|2037|0x00000000ff500000, 0x00000000ff600000, 0x00000000ff600000|100%| E|CS|TAMS 0x00000000ff500000| PB 0x00000000ff500000| Complete 
|2038|0x00000000ff600000, 0x00000000ff700000, 0x00000000ff700000|100%| E|CS|TAMS 0x00000000ff600000| PB 0x00000000ff600000| Complete 
|2039|0x00000000ff700000, 0x00000000ff800000, 0x00000000ff800000|100%| E|CS|TAMS 0x00000000ff700000| PB 0x00000000ff700000| Complete 
|2040|0x00000000ff800000, 0x00000000ff900000, 0x00000000ff900000|100%| E|CS|TAMS 0x00000000ff800000| PB 0x00000000ff800000| Complete 
|2041|0x00000000ff900000, 0x00000000ffa00000, 0x00000000ffa00000|100%| E|CS|TAMS 0x00000000ff900000| PB 0x00000000ff900000| Complete 
|2042|0x00000000ffa00000, 0x00000000ffb00000, 0x00000000ffb00000|100%| E|CS|TAMS 0x00000000ffa00000| PB 0x00000000ffa00000| Complete 
|2043|0x00000000ffb00000, 0x00000000ffc00000, 0x00000000ffc00000|100%| O|  |TAMS 0x00000000ffb00000| PB 0x00000000ffb00000| Untracked 
|2044|0x00000000ffc00000, 0x00000000ffd00000, 0x00000000ffd00000|100%| O|  |TAMS 0x00000000ffc00000| PB 0x00000000ffc00000| Untracked 
|2045|0x00000000ffd00000, 0x00000000ffe00000, 0x00000000ffe00000|100%| O|  |TAMS 0x00000000ffd00000| PB 0x00000000ffd00000| Untracked 
|2046|0x00000000ffe00000, 0x00000000fff00000, 0x00000000fff00000|100%| O|  |TAMS 0x00000000ffe00000| PB 0x00000000ffe00000| Untracked 
|2047|0x00000000fff00000, 0x0000000100000000, 0x0000000100000000|100%| O|  |TAMS 0x00000000fff00000| PB 0x00000000fff00000| Untracked 

Card table byte_map: [0x0000014b92490000,0x0000014b92890000] _byte_map_base: 0x0000014b92090000

Marking Bits: (CMBitMap*) 0x0000014bffdeed80
 Bits: [0x0000014b92890000, 0x0000014b94890000)

Polling page: 0x0000014bfd7d0000

Metaspace:

Usage:
  Non-class:    117.35 MB used.
      Class:     18.81 MB used.
       Both:    136.16 MB used.

Virtual space:
  Non-class space:      128.00 MB reserved,     118.44 MB ( 93%) committed,  2 nodes.
      Class space:        1.00 GB reserved,      19.81 MB (  2%) committed,  1 nodes.
             Both:        1.12 GB reserved,     138.25 MB ( 12%) committed. 

Chunk freelists:
   Non-Class:  9.41 MB
       Class:  12.13 MB
        Both:  21.53 MB

MaxMetaspaceSize: unlimited
CompressedClassSpaceSize: 1.00 GB
Initial GC threshold: 21.00 MB
Current GC threshold: 228.06 MB
CDS: off
 - commit_granule_bytes: 65536.
 - commit_granule_words: 8192.
 - virtual_space_node_default_size: 8388608.
 - enlarge_chunks_in_place: 1.
 - use_allocation_guard: 0.


Internal statistics:

num_allocs_failed_limit: 12.
num_arena_births: 4194.
num_arena_deaths: 8.
num_vsnodes_births: 3.
num_vsnodes_deaths: 0.
num_space_committed: 2211.
num_space_uncommitted: 0.
num_chunks_returned_to_freelist: 24.
num_chunks_taken_from_freelist: 9973.
num_chunk_merges: 12.
num_chunk_splits: 6659.
num_chunks_enlarged: 4391.
num_inconsistent_stats: 0.

CodeHeap 'non-profiled nmethods': size=120000Kb used=20384Kb max_used=20384Kb free=99615Kb
 bounds [0x0000014b8ab60000, 0x0000014b8bf50000, 0x0000014b92090000]
CodeHeap 'profiled nmethods': size=120000Kb used=25167Kb max_used=36469Kb free=94832Kb
 bounds [0x0000014b83090000, 0x0000014b85590000, 0x0000014b8a5c0000]
CodeHeap 'non-nmethods': size=5760Kb used=2933Kb max_used=3008Kb free=2826Kb
 bounds [0x0000014b8a5c0000, 0x0000014b8a8c0000, 0x0000014b8ab60000]
CodeCache: size=245760Kb, used=48484Kb, max_used=59861Kb, free=197273Kb
 total_blobs=15488, nmethods=14464, adapters=927, full_count=0
Compilation: enabled, stopped_count=0, restarted_count=0

Compilation events (20 events):
Event: 77.956 Thread 0x0000014b9b11d9e0 25438       2       com.android.tools.r8.dex.code.N2::<init> (13 bytes)
Event: 77.956 Thread 0x0000014b9b11d9e0 nmethod 25438 0x0000014b84269b10 code [0x0000014b84269cc0, 0x0000014b84269de0]
Event: 77.957 Thread 0x0000014b9b11d9e0 25439       2       com.android.tools.r8.dex.code.K1::<init> (13 bytes)
Event: 77.957 Thread 0x0000014b9b11d9e0 nmethod 25439 0x0000014b84269710 code [0x0000014b842698c0, 0x0000014b842699e0]
Event: 77.959 Thread 0x0000014b9b11d9e0 25440       3       com.android.tools.r8.dex.code.N::a (3284 bytes)
Event: 77.971 Thread 0x0000014b9b11d9e0 nmethod 25440 0x0000014b84fb7f10 code [0x0000014b84fba560, 0x0000014b84fceb60]
Event: 77.995 Thread 0x0000014b9b11d9e0 25443       3       java.util.Arrays::hashCode (60 bytes)
Event: 77.996 Thread 0x0000014b9b11d9e0 nmethod 25443 0x0000014b84451f90 code [0x0000014b84452160, 0x0000014b844523e8]
Event: 77.999 Thread 0x0000014b9b11d9e0 25444       3       com.android.tools.r8.internal.Vw::b (146 bytes)
Event: 77.999 Thread 0x0000014b9b11d9e0 nmethod 25444 0x0000014b83bd3b90 code [0x0000014b83bd3da0, 0x0000014b83bd44f8]
Event: 78.000 Thread 0x0000014b9b11d9e0 25445       3       jdk.internal.util.ArraysSupport::hashCode (33 bytes)
Event: 78.000 Thread 0x0000014b9b11d9e0 nmethod 25445 0x0000014b84451910 code [0x0000014b84451ac0, 0x0000014b84451c88]
Event: 78.008 Thread 0x0000014b9b11d9e0 25446       2       com.android.tools.r8.internal.Yh::a (35 bytes)
Event: 78.009 Thread 0x0000014b9b11d9e0 nmethod 25446 0x0000014b84625010 code [0x0000014b846251c0, 0x0000014b846253a0]
Event: 78.266 Thread 0x0000014b9b0fcf30 nmethod 25323% 0x0000014b8bf3c110 code [0x0000014b8bf3c800, 0x0000014b8bf417e0]
Event: 78.267 Thread 0x0000014b9b0fcf30 25442       4       com.android.tools.r8.dex.C::h (884 bytes)
Event: 78.289 Thread 0x0000014b9b0fcf30 nmethod 25442 0x0000014b8bf45f10 code [0x0000014b8bf462a0, 0x0000014b8bf47470]
Event: 78.289 Thread 0x0000014b9b0fcf30 25447       4       com.android.tools.r8.dex.code.N::a (3284 bytes)
Event: 78.353 Thread 0x0000014b9b11d9e0 25449       3       com.android.tools.r8.internal.Vw::get (37 bytes)
Event: 78.353 Thread 0x0000014b9b11d9e0 nmethod 25449 0x0000014b84624910 code [0x0000014b84624ac0, 0x0000014b84624d38]

GC Heap History (20 events):
Event: 69.907 GC heap before
{Heap before GC invocations=123 (full 0):
 garbage-first heap   total 585728K, used 534481K [0x0000000080000000, 0x0000000100000000)
  region size 1024K, 319 young (326656K), 20 survivors (20480K)
 Metaspace       used 137834K, committed 140032K, reserved 1179648K
  class space    used 19077K, committed 20160K, reserved 1048576K
}
Event: 69.922 GC heap after
{Heap after GC invocations=124 (full 0):
 garbage-first heap   total 647168K, used 214993K [0x0000000080000000, 0x0000000100000000)
  region size 1024K, 16 young (16384K), 16 survivors (16384K)
 Metaspace       used 137834K, committed 140032K, reserved 1179648K
  class space    used 19077K, committed 20160K, reserved 1048576K
}
Event: 71.216 GC heap before
{Heap before GC invocations=124 (full 0):
 garbage-first heap   total 647168K, used 587729K [0x0000000080000000, 0x0000000100000000)
  region size 1024K, 379 young (388096K), 16 survivors (16384K)
 Metaspace       used 137870K, committed 140096K, reserved 1179648K
  class space    used 19077K, committed 20160K, reserved 1048576K
}
Event: 71.239 GC heap after
{Heap after GC invocations=125 (full 0):
 garbage-first heap   total 647168K, used 202615K [0x0000000080000000, 0x0000000100000000)
  region size 1024K, 19 young (19456K), 19 survivors (19456K)
 Metaspace       used 137870K, committed 140096K, reserved 1179648K
  class space    used 19077K, committed 20160K, reserved 1048576K
}
Event: 71.889 GC heap before
{Heap before GC invocations=125 (full 0):
 garbage-first heap   total 647168K, used 571255K [0x0000000080000000, 0x0000000100000000)
  region size 1024K, 379 young (388096K), 19 survivors (19456K)
 Metaspace       used 137881K, committed 140096K, reserved 1179648K
  class space    used 19079K, committed 20160K, reserved 1048576K
}
Event: 71.934 GC heap after
{Heap after GC invocations=126 (full 0):
 garbage-first heap   total 647168K, used 233928K [0x0000000080000000, 0x0000000100000000)
  region size 1024K, 48 young (49152K), 48 survivors (49152K)
 Metaspace       used 137881K, committed 140096K, reserved 1179648K
  class space    used 19079K, committed 20160K, reserved 1048576K
}
Event: 72.220 GC heap before
{Heap before GC invocations=126 (full 0):
 garbage-first heap   total 647168K, used 563656K [0x0000000080000000, 0x0000000100000000)
  region size 1024K, 370 young (378880K), 48 survivors (49152K)
 Metaspace       used 137883K, committed 140096K, reserved 1179648K
  class space    used 19079K, committed 20160K, reserved 1048576K
}
Event: 72.255 GC heap after
{Heap after GC invocations=127 (full 0):
 garbage-first heap   total 647168K, used 233472K [0x0000000080000000, 0x0000000100000000)
  region size 1024K, 3 young (3072K), 3 survivors (3072K)
 Metaspace       used 137883K, committed 140096K, reserved 1179648K
  class space    used 19079K, committed 20160K, reserved 1048576K
}
Event: 72.515 GC heap before
{Heap before GC invocations=127 (full 0):
 garbage-first heap   total 647168K, used 504832K [0x0000000080000000, 0x0000000100000000)
  region size 1024K, 269 young (275456K), 3 survivors (3072K)
 Metaspace       used 137889K, committed 140096K, reserved 1179648K
  class space    used 19079K, committed 20160K, reserved 1048576K
}
Event: 72.522 GC heap after
{Heap after GC invocations=128 (full 0):
 garbage-first heap   total 647168K, used 236032K [0x0000000080000000, 0x0000000100000000)
  region size 1024K, 5 young (5120K), 5 survivors (5120K)
 Metaspace       used 137889K, committed 140096K, reserved 1179648K
  class space    used 19079K, committed 20160K, reserved 1048576K
}
Event: 73.470 GC heap before
{Heap before GC invocations=129 (full 0):
 garbage-first heap   total 647168K, used 589312K [0x0000000080000000, 0x0000000100000000)
  region size 1024K, 368 young (376832K), 5 survivors (5120K)
 Metaspace       used 137899K, committed 140096K, reserved 1179648K
  class space    used 19082K, committed 20160K, reserved 1048576K
}
Event: 73.478 GC heap after
{Heap after GC invocations=130 (full 0):
 garbage-first heap   total 647168K, used 212333K [0x0000000080000000, 0x0000000100000000)
  region size 1024K, 5 young (5120K), 5 survivors (5120K)
 Metaspace       used 137899K, committed 140096K, reserved 1179648K
  class space    used 19082K, committed 20160K, reserved 1048576K
}
Event: 74.360 GC heap before
{Heap before GC invocations=130 (full 0):
 garbage-first heap   total 647168K, used 595309K [0x0000000080000000, 0x0000000100000000)
  region size 1024K, 379 young (388096K), 5 survivors (5120K)
 Metaspace       used 137919K, committed 140096K, reserved 1179648K
  class space    used 19084K, committed 20160K, reserved 1048576K
}
Event: 74.370 GC heap after
{Heap after GC invocations=131 (full 0):
 garbage-first heap   total 647168K, used 202455K [0x0000000080000000, 0x0000000100000000)
  region size 1024K, 7 young (7168K), 7 survivors (7168K)
 Metaspace       used 137919K, committed 140096K, reserved 1179648K
  class space    used 19084K, committed 20160K, reserved 1048576K
}
Event: 74.995 GC heap before
{Heap before GC invocations=131 (full 0):
 garbage-first heap   total 647168K, used 583383K [0x0000000080000000, 0x0000000100000000)
  region size 1024K, 379 young (388096K), 7 survivors (7168K)
 Metaspace       used 137919K, committed 140096K, reserved 1179648K
  class space    used 19084K, committed 20160K, reserved 1048576K
}
Event: 75.006 GC heap after
{Heap after GC invocations=132 (full 0):
 garbage-first heap   total 647168K, used 204094K [0x0000000080000000, 0x0000000100000000)
  region size 1024K, 9 young (9216K), 9 survivors (9216K)
 Metaspace       used 137919K, committed 140096K, reserved 1179648K
  class space    used 19084K, committed 20160K, reserved 1048576K
}
Event: 76.948 GC heap before
{Heap before GC invocations=133 (full 0):
 garbage-first heap   total 647168K, used 645438K [0x0000000080000000, 0x0000000100000000)
  region size 1024K, 341 young (349184K), 9 survivors (9216K)
 Metaspace       used 139028K, committed 141184K, reserved 1179648K
  class space    used 19226K, committed 20288K, reserved 1048576K
}
Event: 76.988 GC heap after
{Heap after GC invocations=134 (full 0):
 garbage-first heap   total 675840K, used 276286K [0x0000000080000000, 0x0000000100000000)
  region size 1024K, 28 young (28672K), 28 survivors (28672K)
 Metaspace       used 139028K, committed 141184K, reserved 1179648K
  class space    used 19226K, committed 20288K, reserved 1048576K
}
Event: 78.036 GC heap before
{Heap before GC invocations=134 (full 0):
 garbage-first heap   total 675840K, used 615230K [0x0000000080000000, 0x0000000100000000)
  region size 1024K, 357 young (365568K), 28 survivors (28672K)
 Metaspace       used 139430K, committed 141568K, reserved 1179648K
  class space    used 19262K, committed 20288K, reserved 1048576K
}
Event: 78.256 GC heap after
{Heap after GC invocations=135 (full 0):
 garbage-first heap   total 743424K, used 360448K [0x0000000080000000, 0x0000000100000000)
  region size 1024K, 45 young (46080K), 45 survivors (46080K)
 Metaspace       used 139430K, committed 141568K, reserved 1179648K
  class space    used 19262K, committed 20288K, reserved 1048576K
}

Dll operation events (3 events):
Event: 0.010 Loaded shared library C:\Program Files\Android\Android Studio\jbr\bin\java.dll
Event: 0.016 Loaded shared library C:\Program Files\Android\Android Studio\jbr\bin\zip.dll
Event: 0.594 Loaded shared library C:\Program Files\Android\Android Studio\jbr\bin\verify.dll

Deoptimization events (20 events):
Event: 77.541 Thread 0x0000014ba7ed9180 DEOPT PACKING pc=0x0000014b8b0b3a10 sp=0x0000002ed31fed10
Event: 77.541 Thread 0x0000014ba7ed9180 DEOPT UNPACKING pc=0x0000014b8a6146a2 sp=0x0000002ed31fec40 mode 2
Event: 77.634 Thread 0x0000014ba7ed9180 Uncommon trap: trap_request=0xffffff45 fr.pc=0x0000014b8bf11fb8 relative=0x00000000000064f8
Event: 77.634 Thread 0x0000014ba7ed9180 Uncommon trap: reason=unstable_if action=reinterpret pc=0x0000014b8bf11fb8 method=com.android.tools.r8.dex.code.N.a(IILcom/android/tools/r8/dex/code/A1;Lcom/android/tools/r8/graph/s5;)Lcom/android/tools/r8/dex/code/z1; @ 1 c2
Event: 77.634 Thread 0x0000014ba7ed9180 DEOPT PACKING pc=0x0000014b8bf11fb8 sp=0x0000002ed31fe9e0
Event: 77.634 Thread 0x0000014ba7ed9180 DEOPT UNPACKING pc=0x0000014b8a6146a2 sp=0x0000002ed31fe9d0 mode 2
Event: 77.685 Thread 0x0000014ba7ed8460 Uncommon trap: trap_request=0xffffff45 fr.pc=0x0000014b8bf19a00 relative=0x0000000000000d00
Event: 77.685 Thread 0x0000014ba7ed8460 Uncommon trap: reason=unstable_if action=reinterpret pc=0x0000014b8bf19a00 method=com.android.tools.r8.dex.C.h()Lcom/android/tools/r8/graph/N2; @ 41 c2
Event: 77.685 Thread 0x0000014ba7ed8460 DEOPT PACKING pc=0x0000014b8bf19a00 sp=0x0000002ed2ffe720
Event: 77.685 Thread 0x0000014ba7ed8460 DEOPT UNPACKING pc=0x0000014b8a6146a2 sp=0x0000002ed2ffe6d8 mode 2
Event: 77.783 Thread 0x0000014ba7ed70b0 DEOPT PACKING pc=0x0000014b848a931b sp=0x0000002ed2efe540
Event: 77.783 Thread 0x0000014ba7ed70b0 DEOPT UNPACKING pc=0x0000014b8a614e42 sp=0x0000002ed2efda30 mode 0
Event: 77.824 Thread 0x0000014ba7ed8460 Uncommon trap: trap_request=0xffffff45 fr.pc=0x0000014b8bf29d14 relative=0x0000000000000d14
Event: 77.824 Thread 0x0000014ba7ed8460 Uncommon trap: reason=unstable_if action=reinterpret pc=0x0000014b8bf29d14 method=com.android.tools.r8.dex.C.h()Lcom/android/tools/r8/graph/N2; @ 31 c2
Event: 77.824 Thread 0x0000014ba7ed8460 DEOPT PACKING pc=0x0000014b8bf29d14 sp=0x0000002ed2ffe760
Event: 77.824 Thread 0x0000014ba7ed8460 DEOPT UNPACKING pc=0x0000014b8a6146a2 sp=0x0000002ed2ffe718 mode 2
Event: 77.959 Thread 0x0000014ba7ed8460 Uncommon trap: trap_request=0xffffff45 fr.pc=0x0000014b8bf359bc relative=0x00000000000076dc
Event: 77.959 Thread 0x0000014ba7ed8460 Uncommon trap: reason=unstable_if action=reinterpret pc=0x0000014b8bf359bc method=com.android.tools.r8.dex.code.N.a(IILcom/android/tools/r8/dex/code/A1;Lcom/android/tools/r8/graph/s5;)Lcom/android/tools/r8/dex/code/z1; @ 505 c2
Event: 77.959 Thread 0x0000014ba7ed8460 DEOPT PACKING pc=0x0000014b8bf359bc sp=0x0000002ed2ffe6a0
Event: 77.959 Thread 0x0000014ba7ed8460 DEOPT UNPACKING pc=0x0000014b8a6146a2 sp=0x0000002ed2ffe650 mode 2

Classes loaded (20 events):
Event: 76.424 Loading class java/io/BufferedReader$1
Event: 76.425 Loading class java/nio/BufferUnderflowException
Event: 76.425 Loading class java/nio/BufferUnderflowException done
Event: 76.425 Loading class java/io/BufferedReader$1 done
Event: 76.432 Loading class java/io/PushbackInputStream
Event: 76.433 Loading class java/io/PushbackInputStream done
Event: 77.341 Loading class java/util/concurrent/ForkJoinTask$AdaptedInterruptibleCallable
Event: 77.341 Loading class java/util/concurrent/ForkJoinTask$InterruptibleTask
Event: 77.342 Loading class java/util/concurrent/ForkJoinTask$InterruptibleTask done
Event: 77.342 Loading class java/util/concurrent/ForkJoinTask$AdaptedInterruptibleCallable done
Event: 77.342 Loading class java/util/concurrent/ForkJoinTask$Aux
Event: 77.342 Loading class java/util/concurrent/ForkJoinTask$Aux done
Event: 77.342 Loading class java/util/concurrent/ForkJoinPool$DefaultForkJoinWorkerThreadFactory$1
Event: 77.343 Loading class java/util/concurrent/ForkJoinPool$DefaultForkJoinWorkerThreadFactory$1 done
Event: 77.344 Loading class java/util/concurrent/CountedCompleter
Event: 77.344 Loading class java/util/concurrent/CountedCompleter done
Event: 77.364 Loading class java/nio/HeapShortBuffer
Event: 77.365 Loading class java/nio/HeapShortBuffer done
Event: 77.373 Loading class java/util/AbstractList$RandomAccessSubList
Event: 77.375 Loading class java/util/AbstractList$RandomAccessSubList done

Classes unloaded (4 events):
Event: 18.514 Thread 0x0000014b9b05fbf0 Unloading class 0x000000010116c000 'java/lang/invoke/LambdaForm$DMH+0x000000010116c000'
Event: 25.698 Thread 0x0000014b9b05fbf0 Unloading class 0x00000001012cc400 'java/lang/invoke/LambdaForm$DMH+0x00000001012cc400'
Event: 25.698 Thread 0x0000014b9b05fbf0 Unloading class 0x000000010116c000 'java/lang/invoke/LambdaForm$DMH+0x000000010116c000'
Event: 25.698 Thread 0x0000014b9b05fbf0 Unloading class 0x00000001011c8000 'java/lang/invoke/LambdaForm$DMH+0x00000001011c8000'

Classes redefined (0 events):
No events

Internal exceptions (20 events):
Event: 77.066 Thread 0x0000014b9d98a210 Exception <a 'sun/nio/fs/WindowsException'{0x00000000ff327260}> (0x00000000ff327260) 
thrown [s\src\hotspot\share\prims\jni.cpp, line 537]
Event: 77.066 Thread 0x0000014b9d98a210 Exception <a 'sun/nio/fs/WindowsException'{0x00000000ff327450}> (0x00000000ff327450) 
thrown [s\src\hotspot\share\prims\jni.cpp, line 537]
Event: 77.136 Thread 0x0000014ba6ca75b0 Exception <a 'sun/nio/fs/WindowsException'{0x00000000fef7dca0}> (0x00000000fef7dca0) 
thrown [s\src\hotspot\share\prims\jni.cpp, line 537]
Event: 77.136 Thread 0x0000014ba6ca75b0 Exception <a 'sun/nio/fs/WindowsException'{0x00000000fef7de90}> (0x00000000fef7de90) 
thrown [s\src\hotspot\share\prims\jni.cpp, line 537]
Event: 77.166 Thread 0x0000014b9d98a210 Exception <a 'sun/nio/fs/WindowsException'{0x00000000a4242ab8}> (0x00000000a4242ab8) 
thrown [s\src\hotspot\share\prims\jni.cpp, line 537]
Event: 77.166 Thread 0x0000014b9d98a210 Exception <a 'sun/nio/fs/WindowsException'{0x00000000a4242ca0}> (0x00000000a4242ca0) 
thrown [s\src\hotspot\share\prims\jni.cpp, line 537]
Event: 77.182 Thread 0x0000014ba7ed42c0 Exception <a 'sun/nio/fs/WindowsException'{0x00000000a2b8d190}> (0x00000000a2b8d190) 
thrown [s\src\hotspot\share\prims\jni.cpp, line 537]
Event: 77.182 Thread 0x0000014ba7ed42c0 Exception <a 'sun/nio/fs/WindowsException'{0x00000000a2b8d370}> (0x00000000a2b8d370) 
thrown [s\src\hotspot\share\prims\jni.cpp, line 537]
Event: 77.247 Thread 0x0000014b9d98a210 Exception <a 'sun/nio/fs/WindowsException'{0x00000000a2d99038}> (0x00000000a2d99038) 
thrown [s\src\hotspot\share\prims\jni.cpp, line 537]
Event: 77.247 Thread 0x0000014b9d98a210 Exception <a 'sun/nio/fs/WindowsException'{0x00000000a2d99220}> (0x00000000a2d99220) 
thrown [s\src\hotspot\share\prims\jni.cpp, line 537]
Event: 77.289 Thread 0x0000014ba6ca75b0 Exception <a 'sun/nio/fs/WindowsException'{0x00000000a2a77510}> (0x00000000a2a77510) 
thrown [s\src\hotspot\share\prims\jni.cpp, line 537]
Event: 77.289 Thread 0x0000014ba6ca75b0 Exception <a 'sun/nio/fs/WindowsException'{0x00000000a2a776f0}> (0x00000000a2a776f0) 
thrown [s\src\hotspot\share\prims\jni.cpp, line 537]
Event: 77.337 Thread 0x0000014ba6ca75b0 Exception <a 'sun/nio/fs/WindowsException'{0x000000009de791e8}> (0x000000009de791e8) 
thrown [s\src\hotspot\share\prims\jni.cpp, line 537]
Event: 77.337 Thread 0x0000014ba6ca75b0 Exception <a 'sun/nio/fs/WindowsException'{0x000000009de793c8}> (0x000000009de793c8) 
thrown [s\src\hotspot\share\prims\jni.cpp, line 537]
Event: 77.338 Thread 0x0000014b9d98a210 Exception <a 'sun/nio/fs/WindowsException'{0x000000009d68a500}> (0x000000009d68a500) 
thrown [s\src\hotspot\share\prims\jni.cpp, line 537]
Event: 77.339 Thread 0x0000014b9d98a210 Exception <a 'sun/nio/fs/WindowsException'{0x000000009d68a6e8}> (0x000000009d68a6e8) 
thrown [s\src\hotspot\share\prims\jni.cpp, line 537]
Event: 77.346 Thread 0x0000014ba7ed70b0 Implicit null exception at 0x0000014b8afbbdcd to 0x0000014b8afbc724
Event: 77.351 Thread 0x0000014ba7ed8460 Implicit null exception at 0x0000014b8ae9320b to 0x0000014b8ae932d0
Event: 77.353 Thread 0x0000014ba7ed8460 Exception <a 'java/lang/NoSuchMethodError'{0x000000009cfb05a8}: 'long java.lang.invoke.DirectMethodHandle$Holder.invokeStatic(java.lang.Object, java.lang.Object, java.lang.Object)'> (0x000000009cfb05a8) 
thrown [s\src\hotspot\share\interpreter\linkResolver.cpp, line 784]
Event: 77.355 Thread 0x0000014ba7ed8af0 Implicit null exception at 0x0000014b8adaaa07 to 0x0000014b8adaaad0

ZGC Phase Switch (0 events):
No events

VM Operations (20 events):
Event: 75.245 Executing VM operation: G1PauseRemark
Event: 75.266 Executing VM operation: G1PauseRemark done
Event: 75.423 Executing VM operation: G1PauseCleanup
Event: 75.423 Executing VM operation: G1PauseCleanup done
Event: 76.434 Executing VM operation: Cleanup
Event: 76.434 Executing VM operation: Cleanup done
Event: 76.497 Executing VM operation: HandshakeAllThreads (Deoptimize)
Event: 76.498 Executing VM operation: HandshakeAllThreads (Deoptimize) done
Event: 76.948 Executing VM operation: G1CollectForAllocation (G1 Evacuation Pause)
Event: 76.988 Executing VM operation: G1CollectForAllocation (G1 Evacuation Pause) done
Event: 77.369 Executing VM operation: HandshakeAllThreads (Deoptimize)
Event: 77.369 Executing VM operation: HandshakeAllThreads (Deoptimize) done
Event: 77.371 Executing VM operation: HandshakeAllThreads (Deoptimize)
Event: 77.371 Executing VM operation: HandshakeAllThreads (Deoptimize) done
Event: 77.384 Executing VM operation: HandshakeAllThreads (Deoptimize)
Event: 77.385 Executing VM operation: HandshakeAllThreads (Deoptimize) done
Event: 77.418 Executing VM operation: HandshakeAllThreads (Deoptimize)
Event: 77.418 Executing VM operation: HandshakeAllThreads (Deoptimize) done
Event: 78.022 Executing VM operation: G1CollectForAllocation (G1 Evacuation Pause)
Event: 78.256 Executing VM operation: G1CollectForAllocation (G1 Evacuation Pause) done

Memory protections (0 events):
No events

Nmethod flushes (20 events):
Event: 75.260 Thread 0x0000014b9b05fbf0 flushing  nmethod 0x0000014b83b7f310
Event: 75.260 Thread 0x0000014b9b05fbf0 flushing  nmethod 0x0000014b83b80390
Event: 75.260 Thread 0x0000014b9b05fbf0 flushing  nmethod 0x0000014b83ba6a10
Event: 75.260 Thread 0x0000014b9b05fbf0 flushing  nmethod 0x0000014b83c34590
Event: 75.260 Thread 0x0000014b9b05fbf0 flushing  nmethod 0x0000014b83c38610
Event: 75.260 Thread 0x0000014b9b05fbf0 flushing  nmethod 0x0000014b83c97110
Event: 75.260 Thread 0x0000014b9b05fbf0 flushing  nmethod 0x0000014b83cbcd10
Event: 75.260 Thread 0x0000014b9b05fbf0 flushing  nmethod 0x0000014b83d14610
Event: 75.260 Thread 0x0000014b9b05fbf0 flushing  nmethod 0x0000014b83d61490
Event: 75.260 Thread 0x0000014b9b05fbf0 flushing  nmethod 0x0000014b83d94610
Event: 75.260 Thread 0x0000014b9b05fbf0 flushing  nmethod 0x0000014b83e78290
Event: 75.260 Thread 0x0000014b9b05fbf0 flushing  nmethod 0x0000014b840d5a10
Event: 75.260 Thread 0x0000014b9b05fbf0 flushing  nmethod 0x0000014b84172310
Event: 75.260 Thread 0x0000014b9b05fbf0 flushing  nmethod 0x0000014b84406890
Event: 75.260 Thread 0x0000014b9b05fbf0 flushing  nmethod 0x0000014b8466bf10
Event: 75.260 Thread 0x0000014b9b05fbf0 flushing  nmethod 0x0000014b84a1fb10
Event: 75.260 Thread 0x0000014b9b05fbf0 flushing  nmethod 0x0000014b84a20c10
Event: 75.260 Thread 0x0000014b9b05fbf0 flushing osr nmethod 0x0000014b84a53210
Event: 75.260 Thread 0x0000014b9b05fbf0 flushing  nmethod 0x0000014b84fb3c10
Event: 75.260 Thread 0x0000014b9b05fbf0 flushing  nmethod 0x0000014b8529df90

Events (20 events):
Event: 16.314 Thread 0x0000014ba6ca5b70 Thread added: 0x0000014ba606beb0
Event: 16.314 Thread 0x0000014ba6ca5b70 Thread added: 0x0000014ba606a470
Event: 16.506 Thread 0x0000014ba1a6d050 Thread exited: 0x0000014ba1a6d050
Event: 16.924 Thread 0x0000014b9b11d9e0 Thread added: 0x0000014ba631c220
Event: 62.441 Thread 0x0000014b9cc013b0 Thread exited: 0x0000014b9cc013b0
Event: 68.523 Thread 0x0000014ba631c220 Thread exited: 0x0000014ba631c220
Event: 68.634 Thread 0x0000014b9b11d9e0 Thread added: 0x0000014ba631c220
Event: 72.129 Thread 0x0000014ba631c220 Thread exited: 0x0000014ba631c220
Event: 72.483 Thread 0x0000014b9b11d9e0 Thread added: 0x0000014ba631c220
Event: 72.919 Thread 0x0000014ba631c220 Thread exited: 0x0000014ba631c220
Event: 75.457 Thread 0x0000014b9b11d9e0 Thread added: 0x0000014ba631c220
Event: 76.110 Thread 0x0000014ba6ca6200 Thread added: 0x0000014ba7ed7dd0
Event: 76.196 Thread 0x0000014ba6ca5b70 Thread added: 0x0000014ba7ed6390
Event: 76.197 Thread 0x0000014ba6ca5b70 Thread added: 0x0000014ba7ed3c30
Event: 76.395 Thread 0x0000014ba6ca75b0 Thread added: 0x0000014ba7ed42c0
Event: 76.396 Thread 0x0000014ba6ca75b0 Thread added: 0x0000014ba7ed4fe0
Event: 77.343 Thread 0x0000014ba7ed7dd0 Thread added: 0x0000014ba7ed70b0
Event: 77.345 Thread 0x0000014ba7ed70b0 Thread added: 0x0000014ba7ed8460
Event: 77.348 Thread 0x0000014ba7ed8460 Thread added: 0x0000014ba7ed8af0
Event: 77.352 Thread 0x0000014ba7ed8af0 Thread added: 0x0000014ba7ed9180


Dynamic libraries:
0x00007ff794e10000 - 0x00007ff794e1a000 	C:\Program Files\Android\Android Studio\jbr\bin\java.exe
0x00007ffe77530000 - 0x00007ffe77728000 	C:\Windows\SYSTEM32\ntdll.dll
0x00007ffe77370000 - 0x00007ffe7742f000 	C:\Windows\System32\KERNEL32.DLL
0x00007ffe751e0000 - 0x00007ffe754ba000 	C:\Windows\System32\KERNELBASE.dll
0x00007ffe724e0000 - 0x00007ffe72570000 	C:\Windows\SYSTEM32\apphelp.dll
0x00007ffe74c40000 - 0x00007ffe74d40000 	C:\Windows\System32\ucrtbase.dll
0x00007ffe4e010000 - 0x00007ffe4e028000 	C:\Program Files\Android\Android Studio\jbr\bin\jli.dll
0x00007ffe6ff40000 - 0x00007ffe6ff5b000 	C:\Program Files\Android\Android Studio\jbr\bin\VCRUNTIME140.dll
0x00007ffe758e0000 - 0x00007ffe75a7d000 	C:\Windows\System32\USER32.dll
0x00007ffe74d40000 - 0x00007ffe74d62000 	C:\Windows\System32\win32u.dll
0x00007ffe772a0000 - 0x00007ffe772cb000 	C:\Windows\System32\GDI32.dll
0x00007ffe750d0000 - 0x00007ffe751e0000 	C:\Windows\System32\gdi32full.dll
0x00007ffe754f0000 - 0x00007ffe7558d000 	C:\Windows\System32\msvcp_win.dll
0x00007ffe65110000 - 0x00007ffe653aa000 	C:\Windows\WinSxS\amd64_microsoft.windows.common-controls_6595b64144ccf1df_6.0.19041.1110_none_60b5254171f9507e\COMCTL32.dll
0x00007ffe75a80000 - 0x00007ffe75b1e000 	C:\Windows\System32\msvcrt.dll
0x00007ffe756a0000 - 0x00007ffe756d0000 	C:\Windows\System32\IMM32.DLL
0x0000000056a60000 - 0x0000000056a6d000 	C:\Program Files (x86)\360\Total Security\safemon\SafeWrapper.dll
0x00007ffe76f10000 - 0x00007ffe76fbe000 	C:\Windows\System32\ADVAPI32.dll
0x00007ffe772d0000 - 0x00007ffe7736c000 	C:\Windows\System32\sechost.dll
0x00007ffe76de0000 - 0x00007ffe76f06000 	C:\Windows\System32\RPCRT4.dll
0x00007ffe6f920000 - 0x00007ffe6fa25000 	C:\Program Files (x86)\360\Total Security\safemon\libzdtp64.dll
0x00007ffe75bb0000 - 0x00007ffe762f4000 	C:\Windows\System32\SHELL32.dll
0x00007ffe75640000 - 0x00007ffe75695000 	C:\Windows\System32\SHLWAPI.dll
0x00007ffe746f0000 - 0x00007ffe746fa000 	C:\Windows\SYSTEM32\VERSION.dll
0x00007ffe6dc60000 - 0x00007ffe6dc6c000 	C:\Program Files\Android\Android Studio\jbr\bin\vcruntime140_1.dll
0x00007ffe2bb50000 - 0x00007ffe2bbdd000 	C:\Program Files\Android\Android Studio\jbr\bin\msvcp140.dll
0x00007ffe2a990000 - 0x00007ffe2b626000 	C:\Program Files\Android\Android Studio\jbr\bin\server\jvm.dll
0x00007ffe76ce0000 - 0x00007ffe76d4b000 	C:\Windows\System32\WS2_32.dll
0x00007ffe74ab0000 - 0x00007ffe74afb000 	C:\Windows\SYSTEM32\POWRPROF.dll
0x00007ffe6ad90000 - 0x00007ffe6adb7000 	C:\Windows\SYSTEM32\WINMM.dll
0x00007ffe74a90000 - 0x00007ffe74aa2000 	C:\Windows\SYSTEM32\UMPDC.dll
0x00007ffe72ab0000 - 0x00007ffe72ac2000 	C:\Windows\SYSTEM32\kernel.appcore.dll
0x00007ffe6dc50000 - 0x00007ffe6dc5a000 	C:\Program Files\Android\Android Studio\jbr\bin\jimage.dll
0x00007ffe6a380000 - 0x00007ffe6a564000 	C:\Windows\SYSTEM32\DBGHELP.DLL
0x00007ffe5b070000 - 0x00007ffe5b0a4000 	C:\Windows\SYSTEM32\dbgcore.DLL
0x00007ffe74dc0000 - 0x00007ffe74e42000 	C:\Windows\System32\bcryptPrimitives.dll
0x00007ffe5ed50000 - 0x00007ffe5ed5e000 	C:\Program Files\Android\Android Studio\jbr\bin\instrument.dll
0x00007ffe66980000 - 0x00007ffe669a0000 	C:\Program Files\Android\Android Studio\jbr\bin\java.dll
0x00007ffe616a0000 - 0x00007ffe616b8000 	C:\Program Files\Android\Android Studio\jbr\bin\zip.dll
0x00007ffe72cb0000 - 0x00007ffe73443000 	C:\Windows\SYSTEM32\windows.storage.dll
0x00007ffe76440000 - 0x00007ffe76794000 	C:\Windows\System32\combase.dll
0x00007ffe74550000 - 0x00007ffe7457e000 	C:\Windows\SYSTEM32\Wldp.dll
0x00007ffe77440000 - 0x00007ffe774ed000 	C:\Windows\System32\SHCORE.dll
0x00007ffe74b80000 - 0x00007ffe74b9f000 	C:\Windows\SYSTEM32\profapi.dll
0x00007ffe66230000 - 0x00007ffe66240000 	C:\Program Files\Android\Android Studio\jbr\bin\net.dll
0x00007ffe6ee60000 - 0x00007ffe6ef6a000 	C:\Windows\SYSTEM32\WINHTTP.dll
0x00007ffe742b0000 - 0x00007ffe7431a000 	C:\Windows\system32\mswsock.dll
0x00007ffe5f780000 - 0x00007ffe5f796000 	C:\Program Files\Android\Android Studio\jbr\bin\nio.dll
0x00007ffe5f480000 - 0x00007ffe5f490000 	C:\Program Files\Android\Android Studio\jbr\bin\verify.dll
0x00007ffe5f140000 - 0x00007ffe5f167000 	C:\Users\Admin\.gradle\native\c067742578af261105cb4f569cf0c3c89f3d7b1fecec35dd04571415982c5e48\windows-amd64\native-platform.dll
0x00007ffe33950000 - 0x00007ffe33a94000 	C:\Users\Admin\.gradle\native\38dada09dfb8b06ba9b0570ebf7e218e3eb74d4ef43ca46872605cf95ebc2f47\windows-amd64\native-platform-file-events.dll
0x00007ffe61690000 - 0x00007ffe61699000 	C:\Program Files\Android\Android Studio\jbr\bin\management.dll
0x00007ffe60410000 - 0x00007ffe6041b000 	C:\Program Files\Android\Android Studio\jbr\bin\management_ext.dll
0x00007ffe75ba0000 - 0x00007ffe75ba8000 	C:\Windows\System32\PSAPI.DLL
0x00007ffe744b0000 - 0x00007ffe744c8000 	C:\Windows\SYSTEM32\CRYPTSP.dll
0x00007ffe73bd0000 - 0x00007ffe73c04000 	C:\Windows\system32\rsaenh.dll
0x00007ffe754c0000 - 0x00007ffe754e7000 	C:\Windows\System32\bcrypt.dll
0x00007ffe74b00000 - 0x00007ffe74b2e000 	C:\Windows\SYSTEM32\USERENV.dll
0x00007ffe744a0000 - 0x00007ffe744ac000 	C:\Windows\SYSTEM32\CRYPTBASE.dll
0x00007ffe73fa0000 - 0x00007ffe73fdc000 	C:\Windows\SYSTEM32\IPHLPAPI.DLL
0x00007ffe77430000 - 0x00007ffe77438000 	C:\Windows\System32\NSI.dll
0x00007ffe61780000 - 0x00007ffe61789000 	C:\Program Files\Android\Android Studio\jbr\bin\extnet.dll
0x00007ffe631a0000 - 0x00007ffe631a7000 	C:\Windows\system32\wshunix.dll
0x00007ffe5fc70000 - 0x00007ffe5fc87000 	C:\Windows\system32\napinsp.dll
0x00007ffe5f9c0000 - 0x00007ffe5f9db000 	C:\Windows\system32\pnrpnsp.dll
0x00007ffe5f930000 - 0x00007ffe5f945000 	C:\Windows\system32\wshbth.dll
0x00007ffe705a0000 - 0x00007ffe705bd000 	C:\Windows\system32\NLAapi.dll
0x00007ffe73fe0000 - 0x00007ffe740ab000 	C:\Windows\SYSTEM32\DNSAPI.dll
0x00007ffe5f8d0000 - 0x00007ffe5f8e2000 	C:\Windows\System32\winrnr.dll
0x00007ffe6e150000 - 0x00007ffe6e15a000 	C:\Windows\System32\rasadhlp.dll
0x00007ffe6d510000 - 0x00007ffe6d590000 	C:\Windows\System32\fwpuclnt.dll

JVMTI agents:
C:\Users\Admin\.gradle\wrapper\dists\gradle-8.7-bin\bhs2wmbdwecv87pi65oeuq5iu\gradle-8.7\lib\agents\gradle-instrumentation-agent-8.7.jar path:C:\Program Files\Android\Android Studio\jbr\bin\instrument.dll, loaded, initialized, instrumentlib options:none

dbghelp: loaded successfully - version: 4.0.5 - missing functions: none
symbol engine: initialized successfully - sym options: 0x614 - pdb path: .;C:\Program Files\Android\Android Studio\jbr\bin;C:\Windows\SYSTEM32;C:\Windows\WinSxS\amd64_microsoft.windows.common-controls_6595b64144ccf1df_6.0.19041.1110_none_60b5254171f9507e;C:\Program Files (x86)\360\Total Security\safemon;C:\Program Files\Android\Android Studio\jbr\bin\server;C:\Users\Admin\.gradle\native\c067742578af261105cb4f569cf0c3c89f3d7b1fecec35dd04571415982c5e48\windows-amd64;C:\Users\Admin\.gradle\native\38dada09dfb8b06ba9b0570ebf7e218e3eb74d4ef43ca46872605cf95ebc2f47\windows-amd64

VM Arguments:
jvm_args: --add-opens=java.base/java.util=ALL-UNNAMED --add-opens=java.base/java.lang=ALL-UNNAMED --add-opens=java.base/java.lang.invoke=ALL-UNNAMED --add-opens=java.prefs/java.util.prefs=ALL-UNNAMED --add-opens=java.base/java.nio.charset=ALL-UNNAMED --add-opens=java.base/java.net=ALL-UNNAMED --add-opens=java.base/java.util.concurrent.atomic=ALL-UNNAMED -Xmx2048m -Dfile.encoding=UTF-8 -Duser.country=RU -Duser.language=ru -Duser.variant -javaagent:C:\Users\Admin\.gradle\wrapper\dists\gradle-8.7-bin\bhs2wmbdwecv87pi65oeuq5iu\gradle-8.7\lib\agents\gradle-instrumentation-agent-8.7.jar 
java_command: org.gradle.launcher.daemon.bootstrap.GradleDaemon 8.7
java_class_path (initial): C:\Users\Admin\.gradle\wrapper\dists\gradle-8.7-bin\bhs2wmbdwecv87pi65oeuq5iu\gradle-8.7\lib\gradle-launcher-8.7.jar
Launcher Type: SUN_STANDARD

[Global flags]
     intx CICompilerCount                          = 3                                         {product} {ergonomic}
     uint ConcGCThreads                            = 1                                         {product} {ergonomic}
     uint G1ConcRefinementThreads                  = 4                                         {product} {ergonomic}
   size_t G1HeapRegionSize                         = 1048576                                   {product} {ergonomic}
    uintx GCDrainStackTargetSize                   = 64                                        {product} {ergonomic}
   size_t InitialHeapSize                          = 134217728                                 {product} {ergonomic}
   size_t MarkStackSize                            = 4194304                                   {product} {ergonomic}
   size_t MaxHeapSize                              = 2147483648                                {product} {command line}
   size_t MaxNewSize                               = 1287651328                                {product} {ergonomic}
   size_t MinHeapDeltaBytes                        = 1048576                                   {product} {ergonomic}
   size_t MinHeapSize                              = 8388608                                   {product} {ergonomic}
    uintx NonNMethodCodeHeapSize                   = 5832780                                {pd product} {ergonomic}
    uintx NonProfiledCodeHeapSize                  = 122912730                              {pd product} {ergonomic}
    uintx ProfiledCodeHeapSize                     = 122912730                              {pd product} {ergonomic}
    uintx ReservedCodeCacheSize                    = 251658240                              {pd product} {ergonomic}
     bool SegmentedCodeCache                       = true                                      {product} {ergonomic}
   size_t SoftMaxHeapSize                          = 2147483648                             {manageable} {ergonomic}
     bool UseCompressedOops                        = true                           {product lp64_product} {ergonomic}
     bool UseG1GC                                  = true                                      {product} {ergonomic}
     bool UseLargePagesIndividualAllocation        = false                                  {pd product} {ergonomic}

Logging:
Log output configuration:
 #0: stdout all=warning uptime,level,tags foldmultilines=false
 #1: stderr all=off uptime,level,tags foldmultilines=false

Environment Variables:
PATH=C:\Pytgon.org;C:\Program Files (x86)\Common Files\Intel\Shared Libraries\redist\intel64\compiler;C:\Program Files (x86)\Common Files\Oracle\Java\java8path;C:\Program Files (x86)\Common Files\Oracle\Java\javapath;C:\Windows\system32;C:\Windows;C:\Windows\System32\Wbem;C:\Windows\System32\WindowsPowerShell\v1.0\;C:\Windows\System32\OpenSSH\;C:\Program Files\Microsoft SQL Server\150\Tools\Binn\;C:\Program Files\Microsoft SQL Server\Client SDK\ODBC\170\Tools\Binn\;C:\Program Files\dotnet\;C:\Program Files (x86)\Windows Kits\10\Windows Performance Toolkit\;C:\Program Files\Common Files\Autodesk Shared\;C:\Program Files\Microsoft SQL Server\120\Tools\Binn\;C:\Program Files (x86)\IVI Foundation\VISA\WinNT\Bin;C:\Pytgon.org;C:\Users\Admin\AppData\Local\Programs\Python\Launcher\;C:\Users\Admin\AppData\Local\Microsoft\WindowsApps;C:\Users\Admin\AppData\Local\GitHubDesktop\bin;C:\Users\Admin\AppData\Local\Programs\Microsoft VS Code\bin;C:\Users\Admin\.dotnet\tools;
USERNAME=Admin
OS=Windows_NT
PROCESSOR_IDENTIFIER=Intel64 Family 6 Model 60 Stepping 3, GenuineIntel
TMP=C:\Users\Admin\AppData\Local\Temp
TEMP=C:\Users\Admin\AppData\Local\Temp




Periodic native trim disabled

JNI global refs:
JNI global refs: 30, weak refs: 38

JNI global refs memory usage: 835, weak refs: 833

Process memory usage:
Resident Set Size: 766416K (9% of 8271924K total physical memory with 387816K free physical memory)

OOME stack traces (most recent first):
Classloader memory used:
Loader org.gradle.internal.classloader.VisitableURLClassLoader$InstrumentingVisitableURLClassLoader: 54043K
Loader org.gradle.internal.classloader.VisitableURLClassLoader                         : 42612K
Loader bootstrap                                                                       : 29874K
Loader org.gradle.initialization.MixInLegacyTypesClassLoader                           : 11404K
Loader jdk.internal.loader.ClassLoaders$PlatformClassLoader                            : 541K
Loader jdk.internal.reflect.DelegatingClassLoader                                      : 371K
Loader jdk.internal.loader.ClassLoaders$AppClassLoader                                 : 230K
Loader org.gradle.internal.classloader.VisitableURLClassLoader                         : 186K
Loader org.gradle.groovy.scripts.internal.DefaultScriptCompilationHandler$ScriptClassLoader: 136K
Loader org.codehaus.groovy.runtime.callsite.CallSiteClassLoader                        : 27488B
Loader sun.reflect.misc.MethodUtil                                                     : 2984B


[error occurred during error reporting (Classloader stats), id 0xe0000001, Out of Memory Error (s\src\hotspot\share\memory\arena.cpp:168)]
---------------  S Y S T E M  ---------------

OS:
 Windows 10 , 64 bit Build 19041 (10.0.19041.2788)
OS uptime: 3 days 3:08 hours

CPU: total 4 (initial active 4) (4 cores per cpu, 1 threads per core) family 6 model 60 stepping 3 microcode 0x27, cx8, cmov, fxsr, mmx, sse, sse2, sse3, ssse3, sse4.1, sse4.2, popcnt, lzcnt, tsc, tscinvbit, avx, avx2, aes, erms, clmul, bmi1, bmi2, fma, vzeroupper, clflush, rdtscp, f16c
Processor Information for the first 4 processors :
  Max Mhz: 3401, Current Mhz: 3401, Mhz Limit: 3401

Memory: 4k page, system-wide physical 8078M (380M free)
TotalPageFile size 16270M (AvailPageFile size 0M)
current process WorkingSet (physical memory assigned to process): 753M, peak: 995M
current process commit charge ("private bytes"): 1204M, peak: 1204M

vm_info: OpenJDK 64-Bit Server VM (21.0.8+-14196175-b1038.72) for windows-amd64 JRE (21.0.8+-14196175-b1038.72), built on 2025-10-01T10:24:33Z by "builder" with MS VC++ 16.10 / 16.11 (VS2019)

END.
